#RIC,Alias Underlying RIC,Domain,Date-Time,GMT Offset,Type,Open,High,Low,Last,Volume
CLc7,CLZ26,Market Price,2026-04-30T23:00:00.000000000Z,-4,Intraday 1Hour,80.92,81.11,80.88,81.05,82
CLc7,CLZ26,Market Price,2026-05-01T00:00:00.000000000Z,-4,Intraday 1Hour,80.98,81.34,80.84,81.25,880
CLc7,CLZ26,Market Price,2026-05-01T01:00:00.000000000Z,-4,Intraday 1Hour,81.32,81.53,81.12,81.28,588
CLc7,CLZ26,Market Price,2026-05-01T02:00:00.000000000Z,-4,Intraday 1Hour,81.27,81.52,81.13,81.18,702
CLc7,CLZ26,Market Price,2026-05-01T03:00:00.000000000Z,-4,Intraday 1Hour,81.19,81.28,81.09,81.1,336
CLc7,CLZ26,Market Price,2026-05-01T04:00:00.000000000Z,-4,Intraday 1Hour,81.12,81.18,80.73,80.73,553
CLc7,CLZ26,Market Price,2026-05-01T05:00:00.000000000Z,-4,Intraday 1Hour,80.75,80.83,80.66,80.71,347
CLc7,CLZ26,Market Price,2026-05-01T06:00:00.000000000Z,-4,Intraday 1Hour,80.76,81.34,80.76,81.24,1002
CLc7,CLZ26,Market Price,2026-05-01T07:00:00.000000000Z,-4,Intraday 1Hour,81.25,81.41,81.03,81.35,4191
CLc7,CLZ26,Market Price,2026-05-01T08:00:00.000000000Z,-4,Intraday 1Hour,81.38,81.41,80.8,81.18,2923
CLc7,CLZ26,Market Price,2026-05-01T09:00:00.000000000Z,-4,Intraday 1Hour,81.22,81.47,81.02,81.14,2199
CLc7,CLZ26,Market Price,2026-05-01T10:00:00.000000000Z,-4,Intraday 1Hour,81.19,81.3,81.09,81.13,1612
CLc7,CLZ26,Market Price,2026-05-01T11:00:00.000000000Z,-4,Intraday 1Hour,81.15,81.24,80.77,80.81,3288
CLc7,CLZ26,Market Price,2026-05-01T12:00:00.000000000Z,-4,Intraday 1Hour,80.79,81.01,80.3,80.76,7424
CLc7,CLZ26,Market Price,2026-05-01T13:00:00.000000000Z,-4,Intraday 1Hour,80.78,80.84,79.25,79.36,8367
CLc7,CLZ26,Market Price,2026-05-01T14:00:00.000000000Z,-4,Intraday 1Hour,79.37,79.48,78.45,79.26,16290
CLc7,CLZ26,Market Price,2026-05-01T15:00:00.000000000Z,-4,Intraday 1Hour,79.28,79.65,78.75,79.13,9459
CLc7,CLZ26,Market Price,2026-05-01T16:00:00.000000000Z,-4,Intraday 1Hour,79.14,79.99,78.96,79.67,10484
CLc7,CLZ26,Market Price,2026-05-01T17:00:00.000000000Z,-4,Intraday 1Hour,79.69,79.69,79.2,79.45,5652
CLc7,CLZ26,Market Price,2026-05-01T18:00:00.000000000Z,-4,Intraday 1Hour,79.45,79.86,79.36,79.82,13010
CLc7,CLZ26,Market Price,2026-05-01T19:00:00.000000000Z,-4,Intraday 1Hour,79.77,79.83,79.55,79.79,1692
CLc7,CLZ26,Market Price,2026-05-01T20:00:00.000000000Z,-4,Intraday 1Hour,79.8,80.21,79.76,80.03,2931
CLc7,CLZ26,Market Price,2026-05-03T22:00:00.000000000Z,-4,Intraday 1Hour,79.19,79.34,78.29,79.23,2525
CLc7,CLZ26,Market Price,2026-05-03T23:00:00.000000000Z,-4,Intraday 1Hour,79.27,79.87,79.2,79.87,725
CLc7,CLZ26,Market Price,2026-05-04T00:00:00.000000000Z,-4,Intraday 1Hour,79.9,80.29,79.59,79.66,2314
CLc7,CLZ26,Market Price,2026-05-04T01:00:00.000000000Z,-4,Intraday 1Hour,79.7,80.13,79.68,80,452
CLc7,CLZ26,Market Price,2026-05-04T02:00:00.000000000Z,-4,Intraday 1Hour,79.95,80.22,79.85,80.09,566
CLc7,CLZ26,Market Price,2026-05-04T03:00:00.000000000Z,-4,Intraday 1Hour,80.09,80.4,80.03,80.14,798
CLc7,CLZ26,Market Price,2026-05-04T04:00:00.000000000Z,-4,Intraday 1Hour,80.11,80.11,79.74,79.97,387
CLc7,CLZ26,Market Price,2026-05-04T05:00:00.000000000Z,-4,Intraday 1Hour,80.02,80.03,79.18,79.44,2128
CLc7,CLZ26,Market Price,2026-05-04T06:00:00.000000000Z,-4,Intraday 1Hour,79.43,80.54,79.38,80.41,2655
CLc7,CLZ26,Market Price,2026-05-04T07:00:00.000000000Z,-4,Intraday 1Hour,80.42,80.99,80.42,80.94,4685
CLc7,CLZ26,Market Price,2026-05-04T08:00:00.000000000Z,-4,Intraday 1Hour,80.96,81.29,80.81,80.86,3509
CLc7,CLZ26,Market Price,2026-05-04T09:00:00.000000000Z,-4,Intraday 1Hour,80.87,80.92,80.52,80.88,1321
CLc7,CLZ26,Market Price,2026-05-04T10:00:00.000000000Z,-4,Intraday 1Hour,80.91,82.36,80.91,81.59,12994
CLc7,CLZ26,Market Price,2026-05-04T11:00:00.000000000Z,-4,Intraday 1Hour,81.55,82,81.22,81.46,8413
CLc7,CLZ26,Market Price,2026-05-04T12:00:00.000000000Z,-4,Intraday 1Hour,81.48,81.48,80.92,81.29,13645
CLc7,CLZ26,Market Price,2026-05-04T13:00:00.000000000Z,-4,Intraday 1Hour,81.32,81.88,80.74,81.62,17375
CLc7,CLZ26,Market Price,2026-05-04T14:00:00.000000000Z,-4,Intraday 1Hour,81.64,82.06,81.17,81.96,16341
CLc7,CLZ26,Market Price,2026-05-04T15:00:00.000000000Z,-4,Intraday 1Hour,81.98,82.91,81.76,82.77,20755
CLc7,CLZ26,Market Price,2026-05-04T16:00:00.000000000Z,-4,Intraday 1Hour,82.79,83.56,82.51,83.26,17187
CLc7,CLZ26,Market Price,2026-05-04T17:00:00.000000000Z,-4,Intraday 1Hour,83.28,83.42,82.56,83.19,10076
CLc7,CLZ26,Market Price,2026-05-04T18:00:00.000000000Z,-4,Intraday 1Hour,83.2,83.89,82.84,83.65,12192
CLc7,CLZ26,Market Price,2026-05-04T19:00:00.000000000Z,-4,Intraday 1Hour,83.65,83.69,83.17,83.41,9103
CLc7,CLZ26,Market Price,2026-05-04T20:00:00.000000000Z,-4,Intraday 1Hour,83.4,83.44,83.07,83.27,2724
CLc7,CLZ26,Market Price,2026-05-04T22:00:00.000000000Z,-4,Intraday 1Hour,83.3,83.3,83.03,83.26,125
CLc7,CLZ26,Market Price,2026-05-04T23:00:00.000000000Z,-4,Intraday 1Hour,83.22,83.26,83.11,83.16,48
CLc7,CLZ26,Market Price,2026-05-05T00:00:00.000000000Z,-4,Intraday 1Hour,83.17,83.33,82.92,83.15,687
CLc7,CLZ26,Market Price,2026-05-05T01:00:00.000000000Z,-4,Intraday 1Hour,83.19,83.23,82.81,82.89,746
CLc7,CLZ26,Market Price,2026-05-05T02:00:00.000000000Z,-4,Intraday 1Hour,82.86,82.86,82.56,82.64,997
CLc7,CLZ26,Market Price,2026-05-05T03:00:00.000000000Z,-4,Intraday 1Hour,82.62,82.75,82.62,82.69,91
CLc7,CLZ26,Market Price,2026-05-05T04:00:00.000000000Z,-4,Intraday 1Hour,82.71,82.73,82.49,82.64,187
CLc7,CLZ26,Market Price,2026-05-05T05:00:00.000000000Z,-4,Intraday 1Hour,82.66,82.93,82.6,82.82,306
CLc7,CLZ26,Market Price,2026-05-05T06:00:00.000000000Z,-4,Intraday 1Hour,82.83,83.57,82.77,83.34,1542
CLc7,CLZ26,Market Price,2026-05-05T07:00:00.000000000Z,-4,Intraday 1Hour,83.32,83.42,82.6,83.19,2711
CLc7,CLZ26,Market Price,2026-05-05T08:00:00.000000000Z,-4,Intraday 1Hour,83.14,83.31,82.66,82.88,3123
CLc7,CLZ26,Market Price,2026-05-05T09:00:00.000000000Z,-4,Intraday 1Hour,82.88,83.21,82.63,82.71,1624
CLc7,CLZ26,Market Price,2026-05-05T10:00:00.000000000Z,-4,Intraday 1Hour,82.73,83.03,82.42,82.99,2342
CLc7,CLZ26,Market Price,2026-05-05T11:00:00.000000000Z,-4,Intraday 1Hour,82.98,83.37,82.8,82.8,2869
CLc7,CLZ26,Market Price,2026-05-05T12:00:00.000000000Z,-4,Intraday 1Hour,82.8,83.13,81.93,82.24,7499
CLc7,CLZ26,Market Price,2026-05-05T13:00:00.000000000Z,-4,Intraday 1Hour,82.26,82.3,81.32,81.44,14878
CLc7,CLZ26,Market Price,2026-05-05T14:00:00.000000000Z,-4,Intraday 1Hour,81.41,81.83,81.1,81.55,18340
CLc7,CLZ26,Market Price,2026-05-05T15:00:00.000000000Z,-4,Intraday 1Hour,81.55,81.92,81.21,81.52,11750
CLc7,CLZ26,Market Price,2026-05-05T16:00:00.000000000Z,-4,Intraday 1Hour,81.52,81.86,81.51,81.84,7614
CLc7,CLZ26,Market Price,2026-05-05T17:00:00.000000000Z,-4,Intraday 1Hour,81.85,81.9,81.62,81.81,6455
CLc7,CLZ26,Market Price,2026-05-05T18:00:00.000000000Z,-4,Intraday 1Hour,81.83,82.06,81.56,81.59,11237
CLc7,CLZ26,Market Price,2026-05-05T19:00:00.000000000Z,-4,Intraday 1Hour,81.6,82.26,81.55,82.16,3432
CLc7,CLZ26,Market Price,2026-05-05T20:00:00.000000000Z,-4,Intraday 1Hour,82.19,82.25,81.98,82.18,2687
CLc7,CLZ26,Market Price,2026-05-05T22:00:00.000000000Z,-4,Intraday 1Hour,82.17,82.17,80.72,81.29,1636
CLc7,CLZ26,Market Price,2026-05-05T23:00:00.000000000Z,-4,Intraday 1Hour,81.25,81.25,80.69,80.76,930
CLc7,CLZ26,Market Price,2026-05-06T00:00:00.000000000Z,-4,Intraday 1Hour,80.76,81.46,80.75,81.16,2451
CLc7,CLZ26,Market Price,2026-05-06T01:00:00.000000000Z,-4,Intraday 1Hour,81.14,81.16,80.5,80.6,1454
CLc7,CLZ26,Market Price,2026-05-06T02:00:00.000000000Z,-4,Intraday 1Hour,80.63,80.79,80.59,80.71,538
CLc7,CLZ26,Market Price,2026-05-06T03:00:00.000000000Z,-4,Intraday 1Hour,80.72,80.99,80.67,80.75,937
CLc7,CLZ26,Market Price,2026-05-06T04:00:00.000000000Z,-4,Intraday 1Hour,80.76,80.84,80.56,80.68,496
CLc7,CLZ26,Market Price,2026-05-06T05:00:00.000000000Z,-4,Intraday 1Hour,80.69,81.07,80.6,80.64,1336
CLc7,CLZ26,Market Price,2026-05-06T06:00:00.000000000Z,-4,Intraday 1Hour,80.61,80.98,80.33,80.84,1983
CLc7,CLZ26,Market Price,2026-05-06T07:00:00.000000000Z,-4,Intraday 1Hour,80.84,81.02,79.63,79.67,4224
CLc7,CLZ26,Market Price,2026-05-06T08:00:00.000000000Z,-4,Intraday 1Hour,79.66,80.3,77.32,78.09,13952
CLc7,CLZ26,Market Price,2026-05-06T09:00:00.000000000Z,-4,Intraday 1Hour,78.13,78.57,76.65,76.74,13968
CLc7,CLZ26,Market Price,2026-05-06T10:00:00.000000000Z,-4,Intraday 1Hour,76.78,76.78,74.67,75.04,18266
CLc7,CLZ26,Market Price,2026-05-06T11:00:00.000000000Z,-4,Intraday 1Hour,75.09,76.51,74.14,76.49,18135
CLc7,CLZ26,Market Price,2026-05-06T12:00:00.000000000Z,-4,Intraday 1Hour,76.47,77.61,76.4,77.38,22146
CLc7,CLZ26,Market Price,2026-05-06T13:00:00.000000000Z,-4,Intraday 1Hour,77.37,78.16,77.37,77.6,18133
CLc7,CLZ26,Market Price,2026-05-06T14:00:00.000000000Z,-4,Intraday 1Hour,77.59,78.36,77.25,77.55,14966
CLc7,CLZ26,Market Price,2026-05-06T15:00:00.000000000Z,-4,Intraday 1Hour,77.6,78.04,77.23,77.36,8485
CLc7,CLZ26,Market Price,2026-05-06T16:00:00.000000000Z,-4,Intraday 1Hour,77.36,77.88,77.02,77.65,5509
CLc7,CLZ26,Market Price,2026-05-06T17:00:00.000000000Z,-4,Intraday 1Hour,77.68,77.76,77.3,77.62,5858
CLc7,CLZ26,Market Price,2026-05-06T18:00:00.000000000Z,-4,Intraday 1Hour,77.6,77.72,76.87,77.14,16370
CLc7,CLZ26,Market Price,2026-05-06T19:00:00.000000000Z,-4,Intraday 1Hour,77.17,77.28,76.86,77.28,6171
CLc7,CLZ26,Market Price,2026-05-06T20:00:00.000000000Z,-4,Intraday 1Hour,77.28,77.33,76.87,76.91,8410
CLc7,CLZ26,Market Price,2026-05-06T22:00:00.000000000Z,-4,Intraday 1Hour,77,77.2,76.83,76.99,118
CLc7,CLZ26,Market Price,2026-05-06T23:00:00.000000000Z,-4,Intraday 1Hour,76.95,77.08,76.93,77,115
CLc7,CLZ26,Market Price,2026-05-07T00:00:00.000000000Z,-4,Intraday 1Hour,77.09,77.4,76.91,77.29,1649
CLc7,CLZ26,Market Price,2026-05-07T01:00:00.000000000Z,-4,Intraday 1Hour,77.31,77.5,76.91,76.93,1572
CLc7,CLZ26,Market Price,2026-05-07T02:00:00.000000000Z,-4,Intraday 1Hour,76.93,77.14,76.59,77.05,1064
CLc7,CLZ26,Market Price,2026-05-07T03:00:00.000000000Z,-4,Intraday 1Hour,77.1,77.28,77.05,77.24,553
CLc7,CLZ26,Market Price,2026-05-07T04:00:00.000000000Z,-4,Intraday 1Hour,77.26,77.26,77.03,77.06,152
CLc7,CLZ26,Market Price,2026-05-07T05:00:00.000000000Z,-4,Intraday 1Hour,77.05,77.19,77.01,77.05,537
CLc7,CLZ26,Market Price,2026-05-07T06:00:00.000000000Z,-4,Intraday 1Hour,77.07,77.13,76.3,76.65,1923
CLc7,CLZ26,Market Price,2026-05-07T07:00:00.000000000Z,-4,Intraday 1Hour,76.7,76.7,75.05,76.2,8628
CLc7,CLZ26,Market Price,2026-05-07T08:00:00.000000000Z,-4,Intraday 1Hour,76.23,76.96,75.88,75.91,4697
CLc7,CLZ26,Market Price,2026-05-07T09:00:00.000000000Z,-4,Intraday 1Hour,75.94,76.39,75.77,76.3,3040
CLc7,CLZ26,Market Price,2026-05-07T10:00:00.000000000Z,-4,Intraday 1Hour,76.28,76.57,75.99,76.27,2925
CLc7,CLZ26,Market Price,2026-05-07T11:00:00.000000000Z,-4,Intraday 1Hour,76.28,76.29,75.58,75.65,3154
CLc7,CLZ26,Market Price,2026-05-07T12:00:00.000000000Z,-4,Intraday 1Hour,75.67,75.78,74.7,75.01,8065
CLc7,CLZ26,Market Price,2026-05-07T13:00:00.000000000Z,-4,Intraday 1Hour,75,76.12,74.98,75.58,7562
CLc7,CLZ26,Market Price,2026-05-07T14:00:00.000000000Z,-4,Intraday 1Hour,75.52,75.85,75.15,75.63,9245
CLc7,CLZ26,Market Price,2026-05-07T15:00:00.000000000Z,-4,Intraday 1Hour,75.61,76.85,75.61,76.71,12975
CLc7,CLZ26,Market Price,2026-05-07T16:00:00.000000000Z,-4,Intraday 1Hour,76.71,77.87,76.67,76.95,28461
CLc7,CLZ26,Market Price,2026-05-07T17:00:00.000000000Z,-4,Intraday 1Hour,76.93,77.94,76.76,77.2,18050
CLc7,CLZ26,Market Price,2026-05-07T18:00:00.000000000Z,-4,Intraday 1Hour,77.19,78.27,77.09,77.66,19753
CLc7,CLZ26,Market Price,2026-05-07T19:00:00.000000000Z,-4,Intraday 1Hour,77.64,78.5,77.61,78.1,13368
CLc7,CLZ26,Market Price,2026-05-07T20:00:00.000000000Z,-4,Intraday 1Hour,78.08,78.88,77.19,78.81,8680
CLc7,CLZ26,Market Price,2026-05-07T22:00:00.000000000Z,-4,Intraday 1Hour,78.73,79.18,78.17,78.86,769
CLc7,CLZ26,Market Price,2026-05-07T23:00:00.000000000Z,-4,Intraday 1Hour,78.86,78.87,78.48,78.64,365
CLc7,CLZ26,Market Price,2026-05-08T00:00:00.000000000Z,-4,Intraday 1Hour,78.54,78.77,78.21,78.55,2179
CLc7,CLZ26,Market Price,2026-05-08T01:00:00.000000000Z,-4,Intraday 1Hour,78.5,78.5,77.91,78.18,2064
CLc7,CLZ26,Market Price,2026-05-08T02:00:00.000000000Z,-4,Intraday 1Hour,78.18,78.34,77.82,77.97,2571
CLc7,CLZ26,Market Price,2026-05-08T03:00:00.000000000Z,-4,Intraday 1Hour,77.95,78.09,77.89,78.01,483
CLc7,CLZ26,Market Price,2026-05-08T04:00:00.000000000Z,-4,Intraday 1Hour,78.04,78.41,78.04,78.08,1077
CLc7,CLZ26,Market Price,2026-05-08T05:00:00.000000000Z,-4,Intraday 1Hour,78.03,78.22,77.86,77.91,621
CLc7,CLZ26,Market Price,2026-05-08T06:00:00.000000000Z,-4,Intraday 1Hour,77.93,78.12,77.37,77.73,2483
CLc7,CLZ26,Market Price,2026-05-08T07:00:00.000000000Z,-4,Intraday 1Hour,77.73,78.07,77.48,77.75,2243
CLc7,CLZ26,Market Price,2026-05-08T08:00:00.000000000Z,-4,Intraday 1Hour,77.75,77.96,77.31,77.57,3226
CLc7,CLZ26,Market Price,2026-05-08T09:00:00.000000000Z,-4,Intraday 1Hour,77.55,77.96,77.18,77.92,2418
CLc7,CLZ26,Market Price,2026-05-08T10:00:00.000000000Z,-4,Intraday 1Hour,77.97,77.97,77.41,77.71,2465
CLc7,CLZ26,Market Price,2026-05-08T11:00:00.000000000Z,-4,Intraday 1Hour,77.64,78.22,77.43,78.03,2278
CLc7,CLZ26,Market Price,2026-05-08T12:00:00.000000000Z,-4,Intraday 1Hour,78.04,78.11,77.56,77.93,3423
CLc7,CLZ26,Market Price,2026-05-08T13:00:00.000000000Z,-4,Intraday 1Hour,77.95,78.05,77.39,77.84,4611
CLc7,CLZ26,Market Price,2026-05-08T14:00:00.000000000Z,-4,Intraday 1Hour,77.85,79.02,77.85,78.95,12730
CLc7,CLZ26,Market Price,2026-05-08T15:00:00.000000000Z,-4,Intraday 1Hour,78.96,79.41,78.8,79.32,15304
CLc7,CLZ26,Market Price,2026-05-08T16:00:00.000000000Z,-4,Intraday 1Hour,79.32,79.34,78.75,78.97,6870
CLc7,CLZ26,Market Price,2026-05-08T17:00:00.000000000Z,-4,Intraday 1Hour,78.97,79.1,78.56,79.08,5204
CLc7,CLZ26,Market Price,2026-05-08T18:00:00.000000000Z,-4,Intraday 1Hour,79.1,79.48,78.56,79.19,14033
CLc7,CLZ26,Market Price,2026-05-08T19:00:00.000000000Z,-4,Intraday 1Hour,79.21,79.32,78.87,78.95,3473
CLc7,CLZ26,Market Price,2026-05-08T20:00:00.000000000Z,-4,Intraday 1Hour,78.94,79.03,78.66,78.82,1542
CLc7,CLZ26,Market Price,2026-05-10T22:00:00.000000000Z,-4,Intraday 1Hour,79.75,81.5,79.57,81.39,1946
CLc7,CLZ26,Market Price,2026-05-10T23:00:00.000000000Z,-4,Intraday 1Hour,81.38,81.94,81.34,81.94,910
CLc7,CLZ26,Market Price,2026-05-11T00:00:00.000000000Z,-4,Intraday 1Hour,81.9,82.04,81.5,81.78,1154
CLc7,CLZ26,Market Price,2026-05-11T01:00:00.000000000Z,-4,Intraday 1Hour,81.76,81.78,81.07,81.08,1688
CLc7,CLZ26,Market Price,2026-05-11T02:00:00.000000000Z,-4,Intraday 1Hour,81.12,81.48,81.05,81.44,895
CLc7,CLZ26,Market Price,2026-05-11T03:00:00.000000000Z,-4,Intraday 1Hour,81.46,81.67,81.39,81.49,986
CLc7,CLZ26,Market Price,2026-05-11T04:00:00.000000000Z,-4,Intraday 1Hour,81.49,81.63,81.41,81.59,400
CLc7,CLZ26,Market Price,2026-05-11T05:00:00.000000000Z,-4,Intraday 1Hour,81.58,81.58,81.22,81.31,645
CLc7,CLZ26,Market Price,2026-05-11T06:00:00.000000000Z,-4,Intraday 1Hour,81.26,81.47,80.93,80.98,756
CLc7,CLZ26,Market Price,2026-05-11T07:00:00.000000000Z,-4,Intraday 1Hour,80.98,81.41,80.91,81.19,1450
CLc7,CLZ26,Market Price,2026-05-11T08:00:00.000000000Z,-4,Intraday 1Hour,81.18,81.21,80.37,80.68,1779
CLc7,CLZ26,Market Price,2026-05-11T09:00:00.000000000Z,-4,Intraday 1Hour,80.76,80.82,80.45,80.7,932
CLc7,CLZ26,Market Price,2026-05-11T10:00:00.000000000Z,-4,Intraday 1Hour,80.73,80.73,80.17,80.56,1231
CLc7,CLZ26,Market Price,2026-05-11T11:00:00.000000000Z,-4,Intraday 1Hour,80.61,80.93,80.55,80.84,1123
CLc7,CLZ26,Market Price,2026-05-11T12:00:00.000000000Z,-4,Intraday 1Hour,80.84,81.06,80.07,80.78,4053
CLc7,CLZ26,Market Price,2026-05-11T13:00:00.000000000Z,-4,Intraday 1Hour,80.76,80.84,79.86,80.04,6942
CLc7,CLZ26,Market Price,2026-05-11T14:00:00.000000000Z,-4,Intraday 1Hour,80.05,80.78,80.05,80.58,6053
CLc7,CLZ26,Market Price,2026-05-11T15:00:00.000000000Z,-4,Intraday 1Hour,80.56,81.21,80.55,81.04,5745
CLc7,CLZ26,Market Price,2026-05-11T16:00:00.000000000Z,-4,Intraday 1Hour,81.07,81.96,81.03,81.85,4850
CLc7,CLZ26,Market Price,2026-05-11T17:00:00.000000000Z,-4,Intraday 1Hour,81.83,81.83,81.25,81.56,4433
CLc7,CLZ26,Market Price,2026-05-11T18:00:00.000000000Z,-4,Intraday 1Hour,81.57,82.02,81.35,81.67,13191
CLc7,CLZ26,Market Price,2026-05-11T19:00:00.000000000Z,-4,Intraday 1Hour,81.67,81.84,81.49,81.73,2359
CLc7,CLZ26,Market Price,2026-05-11T20:00:00.000000000Z,-4,Intraday 1Hour,81.74,82.05,81.64,81.86,2350
CLc7,CLZ26,Market Price,2026-05-11T22:00:00.000000000Z,-4,Intraday 1Hour,81.82,81.94,81.74,81.94,63
CLc7,CLZ26,Market Price,2026-05-11T23:00:00.000000000Z,-4,Intraday 1Hour,81.87,81.94,81.59,81.61,64
CLc7,CLZ26,Market Price,2026-05-12T00:00:00.000000000Z,-4,Intraday 1Hour,81.77,81.93,81.63,81.93,551
CLc7,CLZ26,Market Price,2026-05-12T01:00:00.000000000Z,-4,Intraday 1Hour,81.8,82.08,81.69,82,387
CLc7,CLZ26,Market Price,2026-05-12T02:00:00.000000000Z,-4,Intraday 1Hour,82.01,82.13,81.96,81.96,252
CLc7,CLZ26,Market Price,2026-05-12T03:00:00.000000000Z,-4,Intraday 1Hour,81.97,82.01,81.86,81.98,167
CLc7,CLZ26,Market Price,2026-05-12T04:00:00.000000000Z,-4,Intraday 1Hour,81.91,81.91,81.65,81.85,205
CLc7,CLZ26,Market Price,2026-05-12T05:00:00.000000000Z,-4,Intraday 1Hour,81.75,82.13,81.74,82.01,419
CLc7,CLZ26,Market Price,2026-05-12T06:00:00.000000000Z,-4,Intraday 1Hour,82.04,82.82,82.03,82.74,1556
CLc7,CLZ26,Market Price,2026-05-12T07:00:00.000000000Z,-4,Intraday 1Hour,82.74,82.84,82.52,82.74,1509
CLc7,CLZ26,Market Price,2026-05-12T08:00:00.000000000Z,-4,Intraday 1Hour,82.74,83.15,82.72,82.85,1952
CLc7,CLZ26,Market Price,2026-05-12T09:00:00.000000000Z,-4,Intraday 1Hour,82.87,83.36,82.86,83.22,2133
CLc7,CLZ26,Market Price,2026-05-12T10:00:00.000000000Z,-4,Intraday 1Hour,83.2,83.47,83.05,83.29,1840
CLc7,CLZ26,Market Price,2026-05-12T11:00:00.000000000Z,-4,Intraday 1Hour,83.29,83.61,83.17,83.32,3246
CLc7,CLZ26,Market Price,2026-05-12T12:00:00.000000000Z,-4,Intraday 1Hour,83.31,83.76,83.18,83.24,5169
CLc7,CLZ26,Market Price,2026-05-12T13:00:00.000000000Z,-4,Intraday 1Hour,83.24,83.79,83.17,83.53,5593
CLc7,CLZ26,Market Price,2026-05-12T14:00:00.000000000Z,-4,Intraday 1Hour,83.53,83.58,83.09,83.49,7687
CLc7,CLZ26,Market Price,2026-05-12T15:00:00.000000000Z,-4,Intraday 1Hour,83.5,83.74,82.85,83.09,7151
CLc7,CLZ26,Market Price,2026-05-12T16:00:00.000000000Z,-4,Intraday 1Hour,83.09,83.28,82.99,83.19,4496
CLc7,CLZ26,Market Price,2026-05-12T17:00:00.000000000Z,-4,Intraday 1Hour,83.2,83.46,83.09,83.29,4607
CLc7,CLZ26,Market Price,2026-05-12T18:00:00.000000000Z,-4,Intraday 1Hour,83.28,83.86,83.21,83.71,10776
CLc7,CLZ26,Market Price,2026-05-12T19:00:00.000000000Z,-4,Intraday 1Hour,83.71,83.71,83.5,83.61,1668
CLc7,CLZ26,Market Price,2026-05-12T20:00:00.000000000Z,-4,Intraday 1Hour,83.6,83.72,83.21,83.36,804
CLc7,CLZ26,Market Price,2026-05-12T22:00:00.000000000Z,-4,Intraday 1Hour,83.27,83.32,83.07,83.1,72
CLc7,CLZ26,Market Price,2026-05-12T23:00:00.000000000Z,-4,Intraday 1Hour,83.18,83.28,83.15,83.25,31
CLc7,CLZ26,Market Price,2026-05-13T00:00:00.000000000Z,-4,Intraday 1Hour,83.23,83.25,82.57,83.08,1460
CLc7,CLZ26,Market Price,2026-05-13T01:00:00.000000000Z,-4,Intraday 1Hour,83.1,83.22,82.93,83.11,231
CLc7,CLZ26,Market Price,2026-05-13T02:00:00.000000000Z,-4,Intraday 1Hour,83.18,83.18,82.59,82.78,633
CLc7,CLZ26,Market Price,2026-05-13T03:00:00.000000000Z,-4,Intraday 1Hour,82.84,82.93,82.68,82.82,266
CLc7,CLZ26,Market Price,2026-05-13T04:00:00.000000000Z,-4,Intraday 1Hour,82.77,82.78,82.55,82.62,228
CLc7,CLZ26,Market Price,2026-05-13T05:00:00.000000000Z,-4,Intraday 1Hour,82.61,82.66,82.44,82.49,233
CLc7,CLZ26,Market Price,2026-05-13T06:00:00.000000000Z,-4,Intraday 1Hour,82.46,82.69,82.43,82.59,522
CLc7,CLZ26,Market Price,2026-05-13T07:00:00.000000000Z,-4,Intraday 1Hour,82.58,82.97,82.5,82.94,1135
CLc7,CLZ26,Market Price,2026-05-13T08:00:00.000000000Z,-4,Intraday 1Hour,82.93,83.2,82.87,83.05,963
CLc7,CLZ26,Market Price,2026-05-13T09:00:00.000000000Z,-4,Intraday 1Hour,83.06,83.32,82.83,82.91,1791
CLc7,CLZ26,Market Price,2026-05-13T10:00:00.000000000Z,-4,Intraday 1Hour,82.94,83.3,82.87,83.07,2032
CLc7,CLZ26,Market Price,2026-05-13T11:00:00.000000000Z,-4,Intraday 1Hour,83.05,83.13,82.59,82.68,1725
CLc7,CLZ26,Market Price,2026-05-13T12:00:00.000000000Z,-4,Intraday 1Hour,82.69,82.89,82.53,82.69,3497
CLc7,CLZ26,Market Price,2026-05-13T13:00:00.000000000Z,-4,Intraday 1Hour,82.7,82.7,82.25,82.44,4564
CLc7,CLZ26,Market Price,2026-05-13T14:00:00.000000000Z,-4,Intraday 1Hour,82.44,82.94,82.35,82.51,5796
CLc7,CLZ26,Market Price,2026-05-13T15:00:00.000000000Z,-4,Intraday 1Hour,82.53,82.59,81.69,81.87,5445
CLc7,CLZ26,Market Price,2026-05-13T16:00:00.000000000Z,-4,Intraday 1Hour,81.88,81.9,81.27,81.82,5841
CLc7,CLZ26,Market Price,2026-05-13T17:00:00.000000000Z,-4,Intraday 1Hour,81.82,82.02,81.7,81.98,3312
CLc7,CLZ26,Market Price,2026-05-13T18:00:00.000000000Z,-4,Intraday 1Hour,81.97,81.97,81.55,81.67,8149
CLc7,CLZ26,Market Price,2026-05-13T19:00:00.000000000Z,-4,Intraday 1Hour,81.68,81.96,81.64,81.94,2176
CLc7,CLZ26,Market Price,2026-05-13T20:00:00.000000000Z,-4,Intraday 1Hour,81.94,82.06,81.48,81.59,1975
CLc7,CLZ26,Market Price,2026-05-13T22:00:00.000000000Z,-4,Intraday 1Hour,81.67,81.7,81.54,81.66,134
CLc7,CLZ26,Market Price,2026-05-13T23:00:00.000000000Z,-4,Intraday 1Hour,81.66,81.76,81.63,81.76,30
CLc7,CLZ26,Market Price,2026-05-14T00:00:00.000000000Z,-4,Intraday 1Hour,81.61,81.79,81.61,81.7,184
CLc7,CLZ26,Market Price,2026-05-14T01:00:00.000000000Z,-4,Intraday 1Hour,81.68,82.01,81.4,81.68,645
CLc7,CLZ26,Market Price,2026-05-14T02:00:00.000000000Z,-4,Intraday 1Hour,81.66,82.03,81.59,81.98,197
CLc7,CLZ26,Market Price,2026-05-14T03:00:00.000000000Z,-4,Intraday 1Hour,82.01,82.13,81.72,81.88,855
CLc7,CLZ26,Market Price,2026-05-14T04:00:00.000000000Z,-4,Intraday 1Hour,81.95,81.98,81.87,81.91,692
CLc7,CLZ26,Market Price,2026-05-14T05:00:00.000000000Z,-4,Intraday 1Hour,81.93,82.19,81.88,81.9,488
CLc7,CLZ26,Market Price,2026-05-14T06:00:00.000000000Z,-4,Intraday 1Hour,81.84,81.84,80.74,81.31,2882
CLc7,CLZ26,Market Price,2026-05-14T07:00:00.000000000Z,-4,Intraday 1Hour,81.31,82.2,81.31,82.1,1560
CLc7,CLZ26,Market Price,2026-05-14T08:00:00.000000000Z,-4,Intraday 1Hour,82.1,82.45,81.39,81.56,2213
CLc7,CLZ26,Market Price,2026-05-14T09:00:00.000000000Z,-4,Intraday 1Hour,81.51,81.98,81.26,81.38,1582
CLc7,CLZ26,Market Price,2026-05-14T10:00:00.000000000Z,-4,Intraday 1Hour,81.44,81.44,80.68,81.02,4663
CLc7,CLZ26,Market Price,2026-05-14T11:00:00.000000000Z,-4,Intraday 1Hour,81.02,81.18,80.48,80.65,3313
CLc7,CLZ26,Market Price,2026-05-14T12:00:00.000000000Z,-4,Intraday 1Hour,80.68,81.04,80.08,80.77,4675
CLc7,CLZ26,Market Price,2026-05-14T13:00:00.000000000Z,-4,Intraday 1Hour,80.79,81.37,80.79,81.33,5115
CLc7,CLZ26,Market Price,2026-05-14T14:00:00.000000000Z,-4,Intraday 1Hour,81.31,81.81,80.83,81.01,4042
CLc7,CLZ26,Market Price,2026-05-14T15:00:00.000000000Z,-4,Intraday 1Hour,80.98,81.29,80.74,80.89,5000
CLc7,CLZ26,Market Price,2026-05-14T16:00:00.000000000Z,-4,Intraday 1Hour,80.9,81.2,80.74,81.1,4455
CLc7,CLZ26,Market Price,2026-05-14T17:00:00.000000000Z,-4,Intraday 1Hour,81.1,81.63,81.03,81.56,2454
CLc7,CLZ26,Market Price,2026-05-14T18:00:00.000000000Z,-4,Intraday 1Hour,81.55,81.69,81.26,81.48,7121
CLc7,CLZ26,Market Price,2026-05-14T19:00:00.000000000Z,-4,Intraday 1Hour,81.48,81.82,81.4,81.82,1585
CLc7,CLZ26,Market Price,2026-05-14T20:00:00.000000000Z,-4,Intraday 1Hour,81.83,82.04,81.83,81.99,1218
CLc7,CLZ26,Market Price,2026-05-14T22:00:00.000000000Z,-4,Intraday 1Hour,81.73,81.73,81.56,81.58,101
CLc7,CLZ26,Market Price,2026-05-14T23:00:00.000000000Z,-4,Intraday 1Hour,,,,,10
CLc7,CLZ26,Market Price,2026-05-15T00:00:00.000000000Z,-4,Intraday 1Hour,81.83,81.94,81.66,81.74,152
CLc7,CLZ26,Market Price,2026-05-15T01:00:00.000000000Z,-4,Intraday 1Hour,81.73,82.52,81.64,82.11,589
CLc7,CLZ26,Market Price,2026-05-15T02:00:00.000000000Z,-4,Intraday 1Hour,82.15,82.47,81.89,82.27,1081
CLc7,CLZ26,Market Price,2026-05-15T03:00:00.000000000Z,-4,Intraday 1Hour,82.31,82.32,82.13,82.14,250
CLc7,CLZ26,Market Price,2026-05-15T04:00:00.000000000Z,-4,Intraday 1Hour,82.1,82.23,82.05,82.05,87
CLc7,CLZ26,Market Price,2026-05-15T05:00:00.000000000Z,-4,Intraday 1Hour,82.06,82.9,82.05,82.59,1824
CLc7,CLZ26,Market Price,2026-05-15T06:00:00.000000000Z,-4,Intraday 1Hour,82.59,82.73,82.43,82.5,1485
CLc7,CLZ26,Market Price,2026-05-15T07:00:00.000000000Z,-4,Intraday 1Hour,82.48,82.7,82.19,82.68,1221
CLc7,CLZ26,Market Price,2026-05-15T08:00:00.000000000Z,-4,Intraday 1Hour,82.66,83.28,82.57,83.12,4673
CLc7,CLZ26,Market Price,2026-05-15T09:00:00.000000000Z,-4,Intraday 1Hour,83.11,83.45,83.02,83.34,1718
CLc7,CLZ26,Market Price,2026-05-15T10:00:00.000000000Z,-4,Intraday 1Hour,83.32,83.32,82.22,82.59,4023
CLc7,CLZ26,Market Price,2026-05-15T11:00:00.000000000Z,-4,Intraday 1Hour,82.52,83.07,82.44,82.99,1962
CLc7,CLZ26,Market Price,2026-05-15T12:00:00.000000000Z,-4,Intraday 1Hour,83.01,83.24,82.78,83.08,3869
CLc7,CLZ26,Market Price,2026-05-15T13:00:00.000000000Z,-4,Intraday 1Hour,83.07,83.25,82.75,83.06,4415
CLc7,CLZ26,Market Price,2026-05-15T14:00:00.000000000Z,-4,Intraday 1Hour,83.06,83.29,82.63,83.02,6589
CLc7,CLZ26,Market Price,2026-05-15T15:00:00.000000000Z,-4,Intraday 1Hour,83.03,83.37,82.81,83.21,8232
CLc7,CLZ26,Market Price,2026-05-15T16:00:00.000000000Z,-4,Intraday 1Hour,83.19,83.35,83.11,83.35,3720
CLc7,CLZ26,Market Price,2026-05-15T17:00:00.000000000Z,-4,Intraday 1Hour,83.36,83.37,83.09,83.23,3512
CLc7,CLZ26,Market Price,2026-05-15T18:00:00.000000000Z,-4,Intraday 1Hour,83.21,83.61,83.2,83.34,5881
CLc7,CLZ26,Market Price,2026-05-15T19:00:00.000000000Z,-4,Intraday 1Hour,83.34,83.5,83.23,83.41,1830
CLc7,CLZ26,Market Price,2026-05-15T20:00:00.000000000Z,-4,Intraday 1Hour,83.41,83.64,83.29,83.3,1264
CLc7,CLZ26,Market Price,2026-05-17T22:00:00.000000000Z,-4,Intraday 1Hour,83.65,84.64,83.65,83.97,592
CLc7,CLZ26,Market Price,2026-05-17T23:00:00.000000000Z,-4,Intraday 1Hour,84.01,84.16,84.01,84.1,327
CLc7,CLZ26,Market Price,2026-05-18T00:00:00.000000000Z,-4,Intraday 1Hour,83.96,84.3,83.68,84.16,1064
CLc7,CLZ26,Market Price,2026-05-18T01:00:00.000000000Z,-4,Intraday 1Hour,84.14,85.07,83.92,84.51,2166
CLc7,CLZ26,Market Price,2026-05-18T02:00:00.000000000Z,-4,Intraday 1Hour,84.53,84.83,84.53,84.66,577
CLc7,CLZ26,Market Price,2026-05-18T03:00:00.000000000Z,-4,Intraday 1Hour,84.67,84.77,84.57,84.66,234
CLc7,CLZ26,Market Price,2026-05-18T04:00:00.000000000Z,-4,Intraday 1Hour,84.67,84.78,84.49,84.62,152
CLc7,CLZ26,Market Price,2026-05-18T05:00:00.000000000Z,-4,Intraday 1Hour,84.63,84.69,84.26,84.45,476
CLc7,CLZ26,Market Price,2026-05-18T06:00:00.000000000Z,-4,Intraday 1Hour,84.44,84.76,84.34,84.41,689
CLc7,CLZ26,Market Price,2026-05-18T07:00:00.000000000Z,-4,Intraday 1Hour,84.39,84.43,83.69,84.11,2454
CLc7,CLZ26,Market Price,2026-05-18T08:00:00.000000000Z,-4,Intraday 1Hour,84.09,84.5,83.83,84.18,1893
CLc7,CLZ26,Market Price,2026-05-18T09:00:00.000000000Z,-4,Intraday 1Hour,84.18,84.49,84.1,84.35,1444
CLc7,CLZ26,Market Price,2026-05-18T10:00:00.000000000Z,-4,Intraday 1Hour,84.34,84.63,84.3,84.54,1197
CLc7,CLZ26,Market Price,2026-05-18T11:00:00.000000000Z,-4,Intraday 1Hour,84.51,84.96,83.2,83.92,9326
CLc7,CLZ26,Market Price,2026-05-18T12:00:00.000000000Z,-4,Intraday 1Hour,83.93,84.6,82.44,82.87,13169
CLc7,CLZ26,Market Price,2026-05-18T13:00:00.000000000Z,-4,Intraday 1Hour,82.85,83.5,82.77,83.17,8903
CLc7,CLZ26,Market Price,2026-05-18T14:00:00.000000000Z,-4,Intraday 1Hour,83.16,84.33,83.14,84.11,10502
CLc7,CLZ26,Market Price,2026-05-18T15:00:00.000000000Z,-4,Intraday 1Hour,84.09,84.66,83.97,84.58,8111
CLc7,CLZ26,Market Price,2026-05-18T16:00:00.000000000Z,-4,Intraday 1Hour,84.56,84.97,84.41,84.69,5020
CLc7,CLZ26,Market Price,2026-05-18T17:00:00.000000000Z,-4,Intraday 1Hour,84.71,84.75,84.32,84.63,4163
CLc7,CLZ26,Market Price,2026-05-18T18:00:00.000000000Z,-4,Intraday 1Hour,84.64,85.63,84.62,85.38,11014
CLc7,CLZ26,Market Price,2026-05-18T19:00:00.000000000Z,-4,Intraday 1Hour,85.39,85.42,83.4,83.71,12454
CLc7,CLZ26,Market Price,2026-05-18T20:00:00.000000000Z,-4,Intraday 1Hour,83.71,83.71,83.11,83.63,2946
CLc7,CLZ26,Market Price,2026-05-18T22:00:00.000000000Z,-4,Intraday 1Hour,83.14,83.66,83.14,83.66,101
CLc7,CLZ26,Market Price,2026-05-18T23:00:00.000000000Z,-4,Intraday 1Hour,83.62,83.63,83.5,83.56,35
CLc7,CLZ26,Market Price,2026-05-19T00:00:00.000000000Z,-4,Intraday 1Hour,83.52,83.86,83.52,83.77,1106
CLc7,CLZ26,Market Price,2026-05-19T01:00:00.000000000Z,-4,Intraday 1Hour,83.78,84.18,83.63,83.7,801
CLc7,CLZ26,Market Price,2026-05-19T02:00:00.000000000Z,-4,Intraday 1Hour,83.73,84.18,83.68,84.05,338
CLc7,CLZ26,Market Price,2026-05-19T03:00:00.000000000Z,-4,Intraday 1Hour,84.06,84.24,83.82,83.89,349
CLc7,CLZ26,Market Price,2026-05-19T04:00:00.000000000Z,-4,Intraday 1Hour,83.86,83.92,83.71,83.74,252
CLc7,CLZ26,Market Price,2026-05-19T05:00:00.000000000Z,-4,Intraday 1Hour,83.74,84.3,83.71,84.14,996
CLc7,CLZ26,Market Price,2026-05-19T06:00:00.000000000Z,-4,Intraday 1Hour,84.13,84.37,83.79,84.33,1847
CLc7,CLZ26,Market Price,2026-05-19T07:00:00.000000000Z,-4,Intraday 1Hour,84.3,84.51,84.01,84.1,1515
CLc7,CLZ26,Market Price,2026-05-19T08:00:00.000000000Z,-4,Intraday 1Hour,84.06,84.65,84.02,84.21,1476
CLc7,CLZ26,Market Price,2026-05-19T09:00:00.000000000Z,-4,Intraday 1Hour,84.27,84.47,83.89,83.94,1182
CLc7,CLZ26,Market Price,2026-05-19T10:00:00.000000000Z,-4,Intraday 1Hour,83.97,84.92,83.96,84.56,2845
CLc7,CLZ26,Market Price,2026-05-19T11:00:00.000000000Z,-4,Intraday 1Hour,84.55,84.92,84.55,84.84,1684
CLc7,CLZ26,Market Price,2026-05-19T12:00:00.000000000Z,-4,Intraday 1Hour,84.86,84.86,84.45,84.67,2247
CLc7,CLZ26,Market Price,2026-05-19T13:00:00.000000000Z,-4,Intraday 1Hour,84.69,85.52,84.45,84.57,7441
CLc7,CLZ26,Market Price,2026-05-19T14:00:00.000000000Z,-4,Intraday 1Hour,84.6,84.6,83.8,84.51,16727
CLc7,CLZ26,Market Price,2026-05-19T15:00:00.000000000Z,-4,Intraday 1Hour,84.51,84.63,84.13,84.45,3995
CLc7,CLZ26,Market Price,2026-05-19T16:00:00.000000000Z,-4,Intraday 1Hour,84.43,84.66,84.37,84.52,2733
CLc7,CLZ26,Market Price,2026-05-19T17:00:00.000000000Z,-4,Intraday 1Hour,84.53,84.8,83.98,84.06,6132
CLc7,CLZ26,Market Price,2026-05-19T18:00:00.000000000Z,-4,Intraday 1Hour,84.05,85.05,83.77,84.92,10406
CLc7,CLZ26,Market Price,2026-05-19T19:00:00.000000000Z,-4,Intraday 1Hour,84.93,84.93,84.53,84.67,1569
CLc7,CLZ26,Market Price,2026-05-19T20:00:00.000000000Z,-4,Intraday 1Hour,84.68,84.79,84.45,84.57,2057
CLc7,CLF27,Market Price,2026-05-19T22:00:00.000000000Z,-4,Intraday 1Hour,82.65,82.65,82.65,82.65,17
CLc7,CLF27,Market Price,2026-05-19T23:00:00.000000000Z,-4,Intraday 1Hour,,,,,10
CLc7,CLF27,Market Price,2026-05-20T00:00:00.000000000Z,-4,Intraday 1Hour,82.31,82.38,82.31,82.38,36
CLc7,CLF27,Market Price,2026-05-20T01:00:00.000000000Z,-4,Intraday 1Hour,82.47,82.78,82.2,82.3,354
CLc7,CLF27,Market Price,2026-05-20T02:00:00.000000000Z,-4,Intraday 1Hour,82.6,82.7,82.6,82.6,190
CLc7,CLF27,Market Price,2026-05-20T03:00:00.000000000Z,-4,Intraday 1Hour,,,,,318
CLc7,CLF27,Market Price,2026-05-20T04:00:00.000000000Z,-4,Intraday 1Hour,82.24,82.38,82.23,82.34,115
CLc7,CLF27,Market Price,2026-05-20T05:00:00.000000000Z,-4,Intraday 1Hour,,,,,28
CLc7,CLF27,Market Price,2026-05-20T06:00:00.000000000Z,-4,Intraday 1Hour,82.37,82.57,81.88,81.88,276
CLc7,CLF27,Market Price,2026-05-20T07:00:00.000000000Z,-4,Intraday 1Hour,81.9,82.17,81.9,82.13,359
CLc7,CLF27,Market Price,2026-05-20T08:00:00.000000000Z,-4,Intraday 1Hour,81.95,82.09,81.52,81.57,598
CLc7,CLF27,Market Price,2026-05-20T09:00:00.000000000Z,-4,Intraday 1Hour,81.65,81.87,81.51,81.87,460
CLc7,CLF27,Market Price,2026-05-20T10:00:00.000000000Z,-4,Intraday 1Hour,81.89,81.89,81.24,81.52,450
CLc7,CLF27,Market Price,2026-05-20T11:00:00.000000000Z,-4,Intraday 1Hour,81.59,82.09,81.59,82.03,917
CLc7,CLF27,Market Price,2026-05-20T12:00:00.000000000Z,-4,Intraday 1Hour,81.97,81.97,81.14,81.63,658
CLc7,CLF27,Market Price,2026-05-20T13:00:00.000000000Z,-4,Intraday 1Hour,81.69,82.09,81.66,82.09,576
CLc7,CLF27,Market Price,2026-05-20T14:00:00.000000000Z,-4,Intraday 1Hour,82.09,82.18,80.47,80.78,4865
CLc7,CLF27,Market Price,2026-05-20T15:00:00.000000000Z,-4,Intraday 1Hour,80.63,80.79,78.68,80.15,4314
CLc7,CLF27,Market Price,2026-05-20T16:00:00.000000000Z,-4,Intraday 1Hour,80.17,80.66,79.69,79.81,1786
CLc7,CLF27,Market Price,2026-05-20T17:00:00.000000000Z,-4,Intraday 1Hour,79.78,79.82,79.35,79.75,1516
CLc7,CLF27,Market Price,2026-05-20T18:00:00.000000000Z,-4,Intraday 1Hour,79.72,79.82,79.55,79.69,2008
CLc7,CLF27,Market Price,2026-05-20T19:00:00.000000000Z,-4,Intraday 1Hour,79.6,79.88,79.55,79.87,1254
CLc7,CLF27,Market Price,2026-05-20T20:00:00.000000000Z,-4,Intraday 1Hour,79.9,80.09,79.79,80.08,805
CLc7,CLF27,Market Price,2026-05-20T22:00:00.000000000Z,-4,Intraday 1Hour,80.59,80.84,80.59,80.84,22
CLc7,CLF27,Market Price,2026-05-20T23:00:00.000000000Z,-4,Intraday 1Hour,80.18,80.18,80.18,80.18,4
CLc7,CLF27,Market Price,2026-05-21T00:00:00.000000000Z,-4,Intraday 1Hour,80.2,80.52,80.2,80.24,493
CLc7,CLF27,Market Price,2026-05-21T01:00:00.000000000Z,-4,Intraday 1Hour,80.1,80.12,79.93,79.93,114
CLc7,CLF27,Market Price,2026-05-21T02:00:00.000000000Z,-4,Intraday 1Hour,80,80,80,80,21
CLc7,CLF27,Market Price,2026-05-21T03:00:00.000000000Z,-4,Intraday 1Hour,,,,,5
CLc7,CLF27,Market Price,2026-05-21T04:00:00.000000000Z,-4,Intraday 1Hour,80.45,80.45,80.45,80.45,11
CLc7,CLF27,Market Price,2026-05-21T05:00:00.000000000Z,-4,Intraday 1Hour,80.34,80.84,80.33,80.6,203
CLc7,CLF27,Market Price,2026-05-21T06:00:00.000000000Z,-4,Intraday 1Hour,80.74,80.94,80.39,80.77,409
CLc7,CLF27,Market Price,2026-05-21T07:00:00.000000000Z,-4,Intraday 1Hour,80.85,81,80.73,80.74,321
CLc7,CLF27,Market Price,2026-05-21T08:00:00.000000000Z,-4,Intraday 1Hour,80.66,80.85,80.1,80.55,520
CLc7,CLF27,Market Price,2026-05-21T09:00:00.000000000Z,-4,Intraday 1Hour,80.4,80.4,79.94,80.27,428
CLc7,CLF27,Market Price,2026-05-21T10:00:00.000000000Z,-4,Intraday 1Hour,80.23,81.9,80.18,81.79,1176
CLc7,CLF27,Market Price,2026-05-21T11:00:00.000000000Z,-4,Intraday 1Hour,81.74,81.74,81.42,81.66,505
CLc7,CLF27,Market Price,2026-05-21T12:00:00.000000000Z,-4,Intraday 1Hour,81.59,81.93,81.46,81.81,776
CLc7,CLF27,Market Price,2026-05-21T13:00:00.000000000Z,-4,Intraday 1Hour,81.95,82.55,81.5,81.64,2430
CLc7,CLF27,Market Price,2026-05-21T14:00:00.000000000Z,-4,Intraday 1Hour,81.62,82.06,81.49,81.98,1169
CLc7,CLF27,Market Price,2026-05-21T15:00:00.000000000Z,-4,Intraday 1Hour,81.98,82.32,81.77,81.82,1795
CLc7,CLF27,Market Price,2026-05-21T16:00:00.000000000Z,-4,Intraday 1Hour,81.75,81.75,81.26,81.46,1474
CLc7,CLF27,Market Price,2026-05-21T17:00:00.000000000Z,-4,Intraday 1Hour,81.34,81.45,79.17,79.39,4781
CLc7,CLF27,Market Price,2026-05-21T18:00:00.000000000Z,-4,Intraday 1Hour,79.48,80.52,79.26,80.37,3693
CLc7,CLF27,Market Price,2026-05-21T19:00:00.000000000Z,-4,Intraday 1Hour,80.39,80.41,79.93,80.08,1116
CLc7,CLF27,Market Price,2026-05-21T20:00:00.000000000Z,-4,Intraday 1Hour,80.06,80.26,80.06,80.06,375
CLc7,CLF27,Market Price,2026-05-21T22:00:00.000000000Z,-4,Intraday 1Hour,80.06,80.06,80.06,80.06,4
CLc7,CLF27,Market Price,2026-05-21T23:00:00.000000000Z,-4,Intraday 1Hour,80.01,80.04,80.01,80.04,13
CLc7,CLF27,Market Price,2026-05-22T00:00:00.000000000Z,-4,Intraday 1Hour,80.05,80.05,79.86,79.98,167
CLc7,CLF27,Market Price,2026-05-22T01:00:00.000000000Z,-4,Intraday 1Hour,80.09,80.33,80.08,80.32,93
CLc7,CLF27,Market Price,2026-05-22T02:00:00.000000000Z,-4,Intraday 1Hour,80.02,80.02,79.96,79.96,17
CLc7,CLF27,Market Price,2026-05-22T03:00:00.000000000Z,-4,Intraday 1Hour,79.74,79.74,79.73,79.73,33
CLc7,CLF27,Market Price,2026-05-22T04:00:00.000000000Z,-4,Intraday 1Hour,79.63,79.63,79.57,79.57,23
CLc7,CLF27,Market Price,2026-05-22T05:00:00.000000000Z,-4,Intraday 1Hour,79.99,79.99,79.99,79.99,71
CLc7,CLF27,Market Price,2026-05-22T06:00:00.000000000Z,-4,Intraday 1Hour,80.36,80.37,80.25,80.37,136
CLc7,CLF27,Market Price,2026-05-22T07:00:00.000000000Z,-4,Intraday 1Hour,80.31,80.76,80.31,80.76,181
CLc7,CLF27,Market Price,2026-05-22T08:00:00.000000000Z,-4,Intraday 1Hour,80.78,81.46,80.75,80.9,1003
CLc7,CLF27,Market Price,2026-05-22T09:00:00.000000000Z,-4,Intraday 1Hour,81.18,81.18,80.84,80.97,268
CLc7,CLF27,Market Price,2026-05-22T10:00:00.000000000Z,-4,Intraday 1Hour,80.95,81.01,80.73,80.91,276
CLc7,CLF27,Market Price,2026-05-22T11:00:00.000000000Z,-4,Intraday 1Hour,81.02,81.11,80.5,80.5,646
CLc7,CLF27,Market Price,2026-05-22T12:00:00.000000000Z,-4,Intraday 1Hour,80.55,80.62,79.66,79.67,1886
CLc7,CLF27,Market Price,2026-05-22T13:00:00.000000000Z,-4,Intraday 1Hour,79.64,80.79,79.49,80.79,1505
CLc7,CLF27,Market Price,2026-05-22T14:00:00.000000000Z,-4,Intraday 1Hour,80.8,80.8,80.29,80.44,494
CLc7,CLF27,Market Price,2026-05-22T15:00:00.000000000Z,-4,Intraday 1Hour,80.52,80.52,79.93,79.99,476
CLc7,CLF27,Market Price,2026-05-22T16:00:00.000000000Z,-4,Intraday 1Hour,80.22,80.38,79.86,80.38,704
CLc7,CLF27,Market Price,2026-05-22T17:00:00.000000000Z,-4,Intraday 1Hour,80.04,80.13,78.33,78.96,2848
CLc7,CLF27,Market Price,2026-05-22T18:00:00.000000000Z,-4,Intraday 1Hour,79.06,79.73,79.06,79.4,2494
CLc7,CLF27,Market Price,2026-05-22T19:00:00.000000000Z,-4,Intraday 1Hour,79.58,79.81,79.48,79.5,652
CLc7,CLF27,Market Price,2026-05-22T20:00:00.000000000Z,-4,Intraday 1Hour,79.57,79.94,79.39,79.87,684
CLc7,CLF27,Market Price,2026-05-24T22:00:00.000000000Z,-4,Intraday 1Hour,78,78,77.03,77.12,2705
CLc7,CLF27,Market Price,2026-05-24T23:00:00.000000000Z,-4,Intraday 1Hour,,,,,429
CLc7,CLF27,Market Price,2026-05-25T00:00:00.000000000Z,-4,Intraday 1Hour,77.61,77.61,77.1,77.5,973
CLc7,CLF27,Market Price,2026-05-25T01:00:00.000000000Z,-4,Intraday 1Hour,77.68,77.94,77.56,77.76,719
CLc7,CLF27,Market Price,2026-05-25T02:00:00.000000000Z,-4,Intraday 1Hour,77.67,77.67,77.24,77.24,224
CLc7,CLF27,Market Price,2026-05-25T03:00:00.000000000Z,-4,Intraday 1Hour,76.85,76.88,76.51,76.85,377
CLc7,CLF27,Market Price,2026-05-25T04:00:00.000000000Z,-4,Intraday 1Hour,76.73,76.94,76.73,76.85,34
CLc7,CLF27,Market Price,2026-05-25T05:00:00.000000000Z,-4,Intraday 1Hour,76.8,76.82,76.63,76.8,33
CLc7,CLF27,Market Price,2026-05-25T06:00:00.000000000Z,-4,Intraday 1Hour,76.74,77.1,76.74,77.05,178
CLc7,CLF27,Market Price,2026-05-25T07:00:00.000000000Z,-4,Intraday 1Hour,77.08,77.62,77.08,77.18,551
CLc7,CLF27,Market Price,2026-05-25T08:00:00.000000000Z,-4,Intraday 1Hour,77.71,77.71,77.42,77.43,189
CLc7,CLF27,Market Price,2026-05-25T09:00:00.000000000Z,-4,Intraday 1Hour,77.31,77.31,77.02,77.05,539
CLc7,CLF27,Market Price,2026-05-25T10:00:00.000000000Z,-4,Intraday 1Hour,76.99,77.05,76.86,76.98,367
CLc7,CLF27,Market Price,2026-05-25T11:00:00.000000000Z,-4,Intraday 1Hour,77.15,77.15,76.64,76.81,766
CLc7,CLF27,Market Price,2026-05-25T12:00:00.000000000Z,-4,Intraday 1Hour,76.79,77.25,76.58,77.14,496
CLc7,CLF27,Market Price,2026-05-25T13:00:00.000000000Z,-4,Intraday 1Hour,77.52,77.71,77.44,77.58,375
CLc7,CLF27,Market Price,2026-05-25T14:00:00.000000000Z,-4,Intraday 1Hour,77.65,77.84,77.56,77.84,970
CLc7,CLF27,Market Price,2026-05-25T15:00:00.000000000Z,-4,Intraday 1Hour,78.07,78.07,77.44,77.79,1739
CLc7,CLF27,Market Price,2026-05-25T16:00:00.000000000Z,-4,Intraday 1Hour,77.93,77.94,76.89,76.99,1181
CLc7,CLF27,Market Price,2026-05-25T17:00:00.000000000Z,-4,Intraday 1Hour,76.82,77.29,76.81,77.29,570
CLc7,CLF27,Market Price,2026-05-25T18:00:00.000000000Z,-4,Intraday 1Hour,77.25,77.33,77.24,77.33,5
CLc7,CLF27,Market Price,2026-05-25T22:00:00.000000000Z,-4,Intraday 1Hour,,,,,21
CLc7,CLF27,Market Price,2026-05-25T23:00:00.000000000Z,-4,Intraday 1Hour,77.85,77.85,77.62,77.62,33
CLc7,CLF27,Market Price,2026-05-26T00:00:00.000000000Z,-4,Intraday 1Hour,,,,,500
CLc7,CLF27,Market Price,2026-05-26T01:00:00.000000000Z,-4,Intraday 1Hour,77.79,78,77.79,77.92,447
CLc7,CLF27,Market Price,2026-05-26T02:00:00.000000000Z,-4,Intraday 1Hour,77.87,77.9,77.82,77.82,129
CLc7,CLF27,Market Price,2026-05-26T03:00:00.000000000Z,-4,Intraday 1Hour,77.7,77.7,77.66,77.66,100
CLc7,CLF27,Market Price,2026-05-26T04:00:00.000000000Z,-4,Intraday 1Hour,77.8,77.97,77.79,77.97,147
CLc7,CLF27,Market Price,2026-05-26T05:00:00.000000000Z,-4,Intraday 1Hour,78.1,78.14,77.74,77.86,437
CLc7,CLF27,Market Price,2026-05-26T06:00:00.000000000Z,-4,Intraday 1Hour,77.9,78.09,77.74,77.74,447
CLc7,CLF27,Market Price,2026-05-26T07:00:00.000000000Z,-4,Intraday 1Hour,77.9,78.47,77.9,78.38,693
CLc7,CLF27,Market Price,2026-05-26T08:00:00.000000000Z,-4,Intraday 1Hour,78.23,79.01,78.21,78.8,257
CLc7,CLF27,Market Price,2026-05-26T09:00:00.000000000Z,-4,Intraday 1Hour,78.76,78.76,78.41,78.41,509
CLc7,CLF27,Market Price,2026-05-26T10:00:00.000000000Z,-4,Intraday 1Hour,78.43,78.43,77.77,77.97,270
CLc7,CLF27,Market Price,2026-05-26T11:00:00.000000000Z,-4,Intraday 1Hour,78.17,78.53,78.17,78.49,459
CLc7,CLF27,Market Price,2026-05-26T12:00:00.000000000Z,-4,Intraday 1Hour,78.48,78.86,78.26,78.26,843
CLc7,CLF27,Market Price,2026-05-26T13:00:00.000000000Z,-4,Intraday 1Hour,78.3,79.27,78.25,79.04,931
CLc7,CLF27,Market Price,2026-05-26T14:00:00.000000000Z,-4,Intraday 1Hour,79.11,79.11,78.5,78.64,1328
CLc7,CLF27,Market Price,2026-05-26T15:00:00.000000000Z,-4,Intraday 1Hour,78.57,78.85,78.57,78.75,780
CLc7,CLF27,Market Price,2026-05-26T16:00:00.000000000Z,-4,Intraday 1Hour,78.63,78.76,78.3,78.71,580
CLc7,CLF27,Market Price,2026-05-26T17:00:00.000000000Z,-4,Intraday 1Hour,78.64,78.66,78.45,78.66,548
CLc7,CLF27,Market Price,2026-05-26T18:00:00.000000000Z,-4,Intraday 1Hour,78.71,78.71,78.24,78.3,2862
CLc7,CLF27,Market Price,2026-05-26T19:00:00.000000000Z,-4,Intraday 1Hour,78.43,78.54,78.3,78.31,688
CLc7,CLF27,Market Price,2026-05-26T20:00:00.000000000Z,-4,Intraday 1Hour,78.16,78.16,77.89,78.09,868
CLc7,CLF27,Market Price,2026-05-26T22:00:00.000000000Z,-4,Intraday 1Hour,77.83,77.83,77.83,77.83,59
CLc7,CLF27,Market Price,2026-05-26T23:00:00.000000000Z,-4,Intraday 1Hour,78.06,78.06,78.06,78.06,22
CLc7,CLF27,Market Price,2026-05-27T00:00:00.000000000Z,-4,Intraday 1Hour,78.06,78.06,77.77,77.95,190
CLc7,CLF27,Market Price,2026-05-27T01:00:00.000000000Z,-4,Intraday 1Hour,77.94,78.06,77.69,77.76,722
CLc7,CLF27,Market Price,2026-05-27T02:00:00.000000000Z,-4,Intraday 1Hour,77.77,77.77,77.54,77.54,433
CLc7,CLF27,Market Price,2026-05-27T03:00:00.000000000Z,-4,Intraday 1Hour,77.37,77.37,77.17,77.3,135
CLc7,CLF27,Market Price,2026-05-27T04:00:00.000000000Z,-4,Intraday 1Hour,77.19,77.27,77.19,77.23,86
CLc7,CLF27,Market Price,2026-05-27T05:00:00.000000000Z,-4,Intraday 1Hour,77.17,77.49,77.17,77.29,258
CLc7,CLF27,Market Price,2026-05-27T06:00:00.000000000Z,-4,Intraday 1Hour,77.33,77.4,77.1,77.19,776
CLc7,CLF27,Market Price,2026-05-27T07:00:00.000000000Z,-4,Intraday 1Hour,77.16,77.26,76.68,76.77,997
CLc7,CLF27,Market Price,2026-05-27T08:00:00.000000000Z,-4,Intraday 1Hour,76.78,76.86,76.33,76.42,1370
CLc7,CLF27,Market Price,2026-05-27T09:00:00.000000000Z,-4,Intraday 1Hour,76.52,76.77,76.39,76.77,500
CLc7,CLF27,Market Price,2026-05-27T10:00:00.000000000Z,-4,Intraday 1Hour,76.84,77.12,76.84,77.04,420
CLc7,CLF27,Market Price,2026-05-27T11:00:00.000000000Z,-4,Intraday 1Hour,76.93,77.31,76.93,77.31,956
CLc7,CLF27,Market Price,2026-05-27T12:00:00.000000000Z,-4,Intraday 1Hour,77.3,77.31,75.8,76.27,3539
CLc7,CLF27,Market Price,2026-05-27T13:00:00.000000000Z,-4,Intraday 1Hour,76.26,77.14,76.26,77.01,1265
CLc7,CLF27,Market Price,2026-05-27T14:00:00.000000000Z,-4,Intraday 1Hour,77.05,77.63,76.9,77.55,2836
CLc7,CLF27,Market Price,2026-05-27T15:00:00.000000000Z,-4,Intraday 1Hour,77.75,77.86,77.29,77.37,2578
CLc7,CLF27,Market Price,2026-05-27T16:00:00.000000000Z,-4,Intraday 1Hour,77.38,77.68,76.95,77.24,985
CLc7,CLF27,Market Price,2026-05-27T17:00:00.000000000Z,-4,Intraday 1Hour,77.32,77.52,76.84,76.84,740
CLc7,CLF27,Market Price,2026-05-27T18:00:00.000000000Z,-4,Intraday 1Hour,77.13,77.15,76.71,76.89,2474
CLc7,CLF27,Market Price,2026-05-27T19:00:00.000000000Z,-4,Intraday 1Hour,76.87,77.25,76.87,77.21,243
CLc7,CLF27,Market Price,2026-05-27T20:00:00.000000000Z,-4,Intraday 1Hour,77.13,77.13,77.03,77.03,158
CLc7,CLF27,Market Price,2026-05-27T22:00:00.000000000Z,-4,Intraday 1Hour,77.05,77.05,77.04,77.04,44
CLc7,CLF27,Market Price,2026-05-27T23:00:00.000000000Z,-4,Intraday 1Hour,77.28,77.47,77.28,77.47,45
CLc7,CLF27,Market Price,2026-05-28T00:00:00.000000000Z,-4,Intraday 1Hour,77.53,77.75,77.52,77.75,578
CLc7,CLF27,Market Price,2026-05-28T01:00:00.000000000Z,-4,Intraday 1Hour,77.69,77.69,77.32,77.34,177
CLc7,CLF27,Market Price,2026-05-28T02:00:00.000000000Z,-4,Intraday 1Hour,77.42,77.95,77.27,77.95,116
CLc7,CLF27,Market Price,2026-05-28T03:00:00.000000000Z,-4,Intraday 1Hour,77.94,78.32,77.94,78.31,881
CLc7,CLF27,Market Price,2026-05-28T04:00:00.000000000Z,-4,Intraday 1Hour,78.32,78.52,78.29,78.39,236
CLc7,CLF27,Market Price,2026-05-28T05:00:00.000000000Z,-4,Intraday 1Hour,78,78.1,77.98,77.98,154
CLc7,CLF27,Market Price,2026-05-28T06:00:00.000000000Z,-4,Intraday 1Hour,77.94,77.98,77.78,77.78,307
CLc7,CLF27,Market Price,2026-05-28T07:00:00.000000000Z,-4,Intraday 1Hour,77.8,78.15,77.8,77.92,162
CLc7,CLF27,Market Price,2026-05-28T08:00:00.000000000Z,-4,Intraday 1Hour,77.96,78.2,77.88,77.93,195
CLc7,CLF27,Market Price,2026-05-28T09:00:00.000000000Z,-4,Intraday 1Hour,77.88,78.07,77.66,77.85,348
CLc7,CLF27,Market Price,2026-05-28T10:00:00.000000000Z,-4,Intraday 1Hour,77.91,78.41,77.83,78.32,455
CLc7,CLF27,Market Price,2026-05-28T11:00:00.000000000Z,-4,Intraday 1Hour,78.28,78.34,78.19,78.24,350
CLc7,CLF27,Market Price,2026-05-28T12:00:00.000000000Z,-4,Intraday 1Hour,78.15,78.24,77.83,77.85,362
CLc7,CLF27,Market Price,2026-05-28T13:00:00.000000000Z,-4,Intraday 1Hour,77.77,78.42,77.73,78.31,268
CLc7,CLF27,Market Price,2026-05-28T14:00:00.000000000Z,-4,Intraday 1Hour,78.45,78.51,76.4,77.93,2096
CLc7,CLF27,Market Price,2026-05-28T15:00:00.000000000Z,-4,Intraday 1Hour,77.82,78.59,77.82,78.46,801
CLc7,CLF27,Market Price,2026-05-28T16:00:00.000000000Z,-4,Intraday 1Hour,78.43,78.43,77.56,77.56,565
CLc7,CLF27,Market Price,2026-05-28T17:00:00.000000000Z,-4,Intraday 1Hour,78.03,78.22,78.03,78.19,1001
CLc7,CLF27,Market Price,2026-05-28T18:00:00.000000000Z,-4,Intraday 1Hour,78.21,78.52,78.14,78.51,2284
CLc7,CLF27,Market Price,2026-05-28T19:00:00.000000000Z,-4,Intraday 1Hour,78.43,78.43,78.26,78.27,118
CLc7,CLF27,Market Price,2026-05-28T20:00:00.000000000Z,-4,Intraday 1Hour,78.39,78.39,77.96,77.96,120
CLc7,CLF27,Market Price,2026-05-28T22:00:00.000000000Z,-4,Intraday 1Hour,77.76,77.9,77.76,77.9,22
CLc7,CLF27,Market Price,2026-05-28T23:00:00.000000000Z,-4,Intraday 1Hour,77.76,77.87,77.75,77.87,40
CLc7,CLF27,Market Price,2026-05-29T00:00:00.000000000Z,-4,Intraday 1Hour,77.78,77.83,77.44,77.83,281
CLc7,CLF27,Market Price,2026-05-29T01:00:00.000000000Z,-4,Intraday 1Hour,77.73,77.84,77.38,77.5,129
CLc7,CLF27,Market Price,2026-05-29T02:00:00.000000000Z,-4,Intraday 1Hour,77.5,77.5,77.42,77.48,146
CLc7,CLF27,Market Price,2026-05-29T03:00:00.000000000Z,-4,Intraday 1Hour,77.57,77.92,77.42,77.92,364
CLc7,CLF27,Market Price,2026-05-29T04:00:00.000000000Z,-4,Intraday 1Hour,77.57,77.74,77.43,77.65,612
CLc7,CLF27,Market Price,2026-05-29T05:00:00.000000000Z,-4,Intraday 1Hour,77.63,77.83,77.58,77.83,71
CLc7,CLF27,Market Price,2026-05-29T06:00:00.000000000Z,-4,Intraday 1Hour,77.76,77.76,77.37,77.41,128
CLc7,CLF27,Market Price,2026-05-29T07:00:00.000000000Z,-4,Intraday 1Hour,77.45,78.26,77.45,78.26,349
CLc7,CLF27,Market Price,2026-05-29T08:00:00.000000000Z,-4,Intraday 1Hour,78.18,78.19,78.1,78.12,309
CLc7,CLF27,Market Price,2026-05-29T09:00:00.000000000Z,-4,Intraday 1Hour,77.76,77.9,77.11,77.31,514
CLc7,CLF27,Market Price,2026-05-29T10:00:00.000000000Z,-4,Intraday 1Hour,77.38,77.63,77.23,77.38,290
CLc7,CLF27,Market Price,2026-05-29T11:00:00.000000000Z,-4,Intraday 1Hour,77.45,77.89,77.4,77.65,406
CLc7,CLF27,Market Price,2026-05-29T12:00:00.000000000Z,-4,Intraday 1Hour,77.59,77.88,77.55,77.72,942
CLc7,CLF27,Market Price,2026-05-29T13:00:00.000000000Z,-4,Intraday 1Hour,77.67,77.69,77.31,77.55,827
CLc7,CLF27,Market Price,2026-05-29T14:00:00.000000000Z,-4,Intraday 1Hour,77.65,77.95,77.32,77.36,2535
CLc7,CLF27,Market Price,2026-05-29T15:00:00.000000000Z,-4,Intraday 1Hour,77.32,77.35,76.71,77.1,1095
CLc7,CLF27,Market Price,2026-05-29T16:00:00.000000000Z,-4,Intraday 1Hour,77.17,77.24,76.73,77.11,1742
CLc7,CLF27,Market Price,2026-05-29T17:00:00.000000000Z,-4,Intraday 1Hour,77,77.25,76.91,77.1,1259
CLc7,CLF27,Market Price,2026-05-29T18:00:00.000000000Z,-4,Intraday 1Hour,77.05,77.54,76.86,77.37,2446
CLc7,CLF27,Market Price,2026-05-29T19:00:00.000000000Z,-4,Intraday 1Hour,77.39,77.41,77.22,77.4,207
CLc7,CLF27,Market Price,2026-05-29T20:00:00.000000000Z,-4,Intraday 1Hour,77.48,77.5,77.44,77.44,74
CLc7,CLF27,Market Price,2026-05-31T22:00:00.000000000Z,-4,Intraday 1Hour,78.32,78.5,78.32,78.5,328
CLc7,CLF27,Market Price,2026-05-31T23:00:00.000000000Z,-4,Intraday 1Hour,78.14,78.14,78.14,78.14,47
CLc7,CLF27,Market Price,2026-06-01T00:00:00.000000000Z,-4,Intraday 1Hour,78.37,78.37,78.37,78.37,84
CLc7,CLF27,Market Price,2026-06-01T01:00:00.000000000Z,-4,Intraday 1Hour,78.15,78.59,78.15,78.56,382
CLc7,CLF27,Market Price,2026-06-01T02:00:00.000000000Z,-4,Intraday 1Hour,,,,,5
CLc7,CLF27,Market Price,2026-06-01T03:00:00.000000000Z,-4,Intraday 1Hour,78.55,78.62,78.52,78.52,156
CLc7,CLF27,Market Price,2026-06-01T04:00:00.000000000Z,-4,Intraday 1Hour,78.3,78.3,78.27,78.27,102
CLc7,CLF27,Market Price,2026-06-01T05:00:00.000000000Z,-4,Intraday 1Hour,78.43,78.51,78.43,78.51,33
CLc7,CLF27,Market Price,2026-06-01T06:00:00.000000000Z,-4,Intraday 1Hour,78.43,79.02,78.43,78.89,140
CLc7,CLF27,Market Price,2026-06-01T07:00:00.000000000Z,-4,Intraday 1Hour,78.66,78.86,78.63,78.74,291
CLc7,CLF27,Market Price,2026-06-01T08:00:00.000000000Z,-4,Intraday 1Hour,78.6,78.96,78.6,78.74,360
CLc7,CLF27,Market Price,2026-06-01T09:00:00.000000000Z,-4,Intraday 1Hour,78.61,78.88,78.61,78.77,135
CLc7,CLF27,Market Price,2026-06-01T10:00:00.000000000Z,-4,Intraday 1Hour,78.68,78.82,78.65,78.67,131
CLc7,CLF27,Market Price,2026-06-01T11:00:00.000000000Z,-4,Intraday 1Hour,78.65,78.76,78.47,78.59,204
CLc7,CLF27,Market Price,2026-06-01T12:00:00.000000000Z,-4,Intraday 1Hour,78.56,78.76,77.97,78.2,883
CLc7,CLF27,Market Price,2026-06-01T13:00:00.000000000Z,-4,Intraday 1Hour,78.15,79.81,78.15,79.81,5851
CLc7,CLF27,Market Price,2026-06-01T14:00:00.000000000Z,-4,Intraday 1Hour,79.85,79.85,79.33,79.84,2010
CLc7,CLF27,Market Price,2026-06-01T15:00:00.000000000Z,-4,Intraday 1Hour,79.9,80,79.08,79.74,2007
CLc7,CLF27,Market Price,2026-06-01T16:00:00.000000000Z,-4,Intraday 1Hour,79.6,79.9,79.37,79.39,2061
CLc7,CLF27,Market Price,2026-06-01T17:00:00.000000000Z,-4,Intraday 1Hour,79.31,79.56,78.26,78.58,2894
CLc7,CLF27,Market Price,2026-06-01T18:00:00.000000000Z,-4,Intraday 1Hour,78.71,79.14,78.59,79.08,1899
CLc7,CLF27,Market Price,2026-06-01T19:00:00.000000000Z,-4,Intraday 1Hour,79.03,79.03,78.87,78.98,681
CLc7,CLF27,Market Price,2026-06-01T20:00:00.000000000Z,-4,Intraday 1Hour,78.96,79.03,78.93,78.95,344
CLc7,CLF27,Market Price,2026-06-01T22:00:00.000000000Z,-4,Intraday 1Hour,,,,,1
CLc7,CLF27,Market Price,2026-06-01T23:00:00.000000000Z,-4,Intraday 1Hour,79,79,79,79,39
CLc7,CLF27,Market Price,2026-06-02T00:00:00.000000000Z,-4,Intraday 1Hour,78.76,79,78.72,78.96,155
CLc7,CLF27,Market Price,2026-06-02T01:00:00.000000000Z,-4,Intraday 1Hour,78.92,79.08,78.36,78.36,548
CLc7,CLF27,Market Price,2026-06-02T02:00:00.000000000Z,-4,Intraday 1Hour,78.29,78.48,78.26,78.48,51
CLc7,CLF27,Market Price,2026-06-02T03:00:00.000000000Z,-4,Intraday 1Hour,78.3,78.32,78.15,78.17,49
CLc7,CLF27,Market Price,2026-06-02T04:00:00.000000000Z,-4,Intraday 1Hour,78.2,78.24,78.2,78.21,92
CLc7,CLF27,Market Price,2026-06-02T05:00:00.000000000Z,-4,Intraday 1Hour,78.27,78.27,78.27,78.27,66
CLc7,CLF27,Market Price,2026-06-02T06:00:00.000000000Z,-4,Intraday 1Hour,78.21,78.53,78.21,78.48,197
CLc7,CLF27,Market Price,2026-06-02T07:00:00.000000000Z,-4,Intraday 1Hour,78.42,78.56,78.04,78.06,521
CLc7,CLF27,Market Price,2026-06-02T08:00:00.000000000Z,-4,Intraday 1Hour,78.01,78.18,77.82,77.83,409
CLc7,CLF27,Market Price,2026-06-02T09:00:00.000000000Z,-4,Intraday 1Hour,77.96,78.17,77.79,78.15,215
CLc7,CLF27,Market Price,2026-06-02T10:00:00.000000000Z,-4,Intraday 1Hour,78.13,78.37,78.13,78.37,248
CLc7,CLF27,Market Price,2026-06-02T11:00:00.000000000Z,-4,Intraday 1Hour,78.27,78.45,78.11,78.43,319
CLc7,CLF27,Market Price,2026-06-02T12:00:00.000000000Z,-4,Intraday 1Hour,78.27,78.8,78.25,78.6,526
CLc7,CLF27,Market Price,2026-06-02T13:00:00.000000000Z,-4,Intraday 1Hour,78.58,79.12,78.58,78.95,1092
CLc7,CLF27,Market Price,2026-06-02T14:00:00.000000000Z,-4,Intraday 1Hour,79.06,79.4,79.01,79.35,932
CLc7,CLF27,Market Price,2026-06-02T15:00:00.000000000Z,-4,Intraday 1Hour,79.25,79.42,79,79.32,1414
CLc7,CLF27,Market Price,2026-06-02T16:00:00.000000000Z,-4,Intraday 1Hour,79.46,79.58,79.2,79.48,2889
CLc7,CLF27,Market Price,2026-06-02T17:00:00.000000000Z,-4,Intraday 1Hour,79.31,79.51,79.23,79.41,3274
CLc7,CLF27,Market Price,2026-06-02T18:00:00.000000000Z,-4,Intraday 1Hour,79.34,79.73,79.34,79.61,3568
CLc7,CLF27,Market Price,2026-06-02T19:00:00.000000000Z,-4,Intraday 1Hour,79.65,79.93,79.64,79.9,425
CLc7,CLF27,Market Price,2026-06-02T20:00:00.000000000Z,-4,Intraday 1Hour,79.89,79.91,79.61,79.67,413
CLc7,CLF27,Market Price,2026-06-02T22:00:00.000000000Z,-4,Intraday 1Hour,79.65,79.93,79.65,79.93,94
CLc7,CLF27,Market Price,2026-06-02T23:00:00.000000000Z,-4,Intraday 1Hour,80.28,80.65,80.19,80.19,643
CLc7,CLF27,Market Price,2026-06-03T00:00:00.000000000Z,-4,Intraday 1Hour,80.19,80.19,80.08,80.08,402
CLc7,CLF27,Market Price,2026-06-03T01:00:00.000000000Z,-4,Intraday 1Hour,79.89,80.33,79.89,80.1,121
CLc7,CLF27,Market Price,2026-06-03T02:00:00.000000000Z,-4,Intraday 1Hour,,,,,25
CLc7,CLF27,Market Price,2026-06-03T03:00:00.000000000Z,-4,Intraday 1Hour,80.11,80.13,80.05,80.13,29
CLc7,CLF27,Market Price,2026-06-03T04:00:00.000000000Z,-4,Intraday 1Hour,80.27,80.4,80.27,80.32,1022
CLc7,CLF27,Market Price,2026-06-03T05:00:00.000000000Z,-4,Intraday 1Hour,80.27,80.52,80.26,80.52,1674
CLc7,CLF27,Market Price,2026-06-03T06:00:00.000000000Z,-4,Intraday 1Hour,80.52,80.68,80.48,80.57,463
CLc7,CLF27,Market Price,2026-06-03T07:00:00.000000000Z,-4,Intraday 1Hour,80.59,80.83,80.59,80.72,368
CLc7,CLF27,Market Price,2026-06-03T08:00:00.000000000Z,-4,Intraday 1Hour,80.79,81.09,80.69,80.8,566
CLc7,CLF27,Market Price,2026-06-03T09:00:00.000000000Z,-4,Intraday 1Hour,81.06,81.2,80.95,81.09,694
CLc7,CLF27,Market Price,2026-06-03T10:00:00.000000000Z,-4,Intraday 1Hour,81.08,81.08,80.55,80.7,717
CLc7,CLF27,Market Price,2026-06-03T11:00:00.000000000Z,-4,Intraday 1Hour,80.7,80.71,80.61,80.64,300
CLc7,CLF27,Market Price,2026-06-03T12:00:00.000000000Z,-4,Intraday 1Hour,80.65,80.87,80.53,80.53,825
CLc7,CLF27,Market Price,2026-06-03T13:00:00.000000000Z,-4,Intraday 1Hour,80.54,80.61,80.4,80.47,1924
CLc7,CLF27,Market Price,2026-06-03T14:00:00.000000000Z,-4,Intraday 1Hour,80.41,80.74,80.41,80.74,852
CLc7,CLF27,Market Price,2026-06-03T15:00:00.000000000Z,-4,Intraday 1Hour,80.7,80.98,80.58,80.94,2014
CLc7,CLF27,Market Price,2026-06-03T16:00:00.000000000Z,-4,Intraday 1Hour,80.9,80.96,80.76,80.85,1002
CLc7,CLF27,Market Price,2026-06-03T17:00:00.000000000Z,-4,Intraday 1Hour,80.76,80.93,80.6,80.93,2133
CLc7,CLF27,Market Price,2026-06-03T18:00:00.000000000Z,-4,Intraday 1Hour,80.9,81.1,80.87,80.87,3432
CLc7,CLF27,Market Price,2026-06-03T19:00:00.000000000Z,-4,Intraday 1Hour,80.79,80.86,80.7,80.71,780
CLc7,CLF27,Market Price,2026-06-03T20:00:00.000000000Z,-4,Intraday 1Hour,80.71,80.81,80.69,80.73,348
CLc7,CLF27,Market Price,2026-06-03T22:00:00.000000000Z,-4,Intraday 1Hour,80.51,80.53,80.28,80.28,38
CLc7,CLF27,Market Price,2026-06-03T23:00:00.000000000Z,-4,Intraday 1Hour,80.45,80.46,80.42,80.42,8
CLc7,CLF27,Market Price,2026-06-04T00:00:00.000000000Z,-4,Intraday 1Hour,80.3,80.45,80.25,80.25,175
CLc7,CLF27,Market Price,2026-06-04T01:00:00.000000000Z,-4,Intraday 1Hour,80.3,80.34,80.08,80.24,66
CLc7,CLF27,Market Price,2026-06-04T02:00:00.000000000Z,-4,Intraday 1Hour,80.17,80.27,80.1,80.1,30
CLc7,CLF27,Market Price,2026-06-04T03:00:00.000000000Z,-4,Intraday 1Hour,80.16,80.37,80.16,80.33,45
CLc7,CLF27,Market Price,2026-06-04T04:00:00.000000000Z,-4,Intraday 1Hour,80.29,80.45,80.29,80.33,35
CLc7,CLF27,Market Price,2026-06-04T05:00:00.000000000Z,-4,Intraday 1Hour,80.54,80.65,80.45,80.52,88
CLc7,CLF27,Market Price,2026-06-04T06:00:00.000000000Z,-4,Intraday 1Hour,80.5,80.56,80.38,80.49,107
CLc7,CLF27,Market Price,2026-06-04T07:00:00.000000000Z,-4,Intraday 1Hour,80.51,80.82,80.43,80.69,219
CLc7,CLF27,Market Price,2026-06-04T08:00:00.000000000Z,-4,Intraday 1Hour,80.75,80.83,80.19,80.39,495
CLc7,CLF27,Market Price,2026-06-04T09:00:00.000000000Z,-4,Intraday 1Hour,80.26,80.26,79.93,79.98,252
CLc7,CLF27,Market Price,2026-06-04T10:00:00.000000000Z,-4,Intraday 1Hour,80.06,80.33,80.06,80.16,415
CLc7,CLF27,Market Price,2026-06-04T11:00:00.000000000Z,-4,Intraday 1Hour,80.14,80.17,78.86,78.86,928
CLc7,CLF27,Market Price,2026-06-04T12:00:00.000000000Z,-4,Intraday 1Hour,78.85,79.12,78.66,79.09,1092
CLc7,CLF27,Market Price,2026-06-04T13:00:00.000000000Z,-4,Intraday 1Hour,79.02,79.29,78.92,78.94,1402
CLc7,CLF27,Market Price,2026-06-04T14:00:00.000000000Z,-4,Intraday 1Hour,78.97,79.3,78.78,79.27,1855
CLc7,CLF27,Market Price,2026-06-04T15:00:00.000000000Z,-4,Intraday 1Hour,79.29,79.29,78.85,78.97,1525
CLc7,CLF27,Market Price,2026-06-04T16:00:00.000000000Z,-4,Intraday 1Hour,78.89,78.95,78.78,78.9,741
CLc7,CLF27,Market Price,2026-06-04T17:00:00.000000000Z,-4,Intraday 1Hour,78.86,78.98,78.69,78.76,774
CLc7,CLF27,Market Price,2026-06-04T18:00:00.000000000Z,-4,Intraday 1Hour,78.87,79.28,78.69,79.25,3117
CLc7,CLF27,Market Price,2026-06-04T19:00:00.000000000Z,-4,Intraday 1Hour,79.27,79.27,79.09,79.22,177
CLc7,CLF27,Market Price,2026-06-04T20:00:00.000000000Z,-4,Intraday 1Hour,79.23,79.23,79.19,79.19,313
CLc7,CLF27,Market Price,2026-06-04T22:00:00.000000000Z,-4,Intraday 1Hour,,,,,5
CLc7,CLF27,Market Price,2026-06-04T23:00:00.000000000Z,-4,Intraday 1Hour,,,,,10
CLc7,CLF27,Market Price,2026-06-05T00:00:00.000000000Z,-4,Intraday 1Hour,79.22,79.22,79.1,79.12,65
CLc7,CLF27,Market Price,2026-06-05T01:00:00.000000000Z,-4,Intraday 1Hour,78.95,79.38,78.95,79.38,48
CLc7,CLF27,Market Price,2026-06-05T02:00:00.000000000Z,-4,Intraday 1Hour,79.37,79.58,79.35,79.58,61
CLc7,CLF27,Market Price,2026-06-05T03:00:00.000000000Z,-4,Intraday 1Hour,79.54,79.54,79.28,79.32,24
CLc7,CLF27,Market Price,2026-06-05T04:00:00.000000000Z,-4,Intraday 1Hour,79.22,79.26,79.22,79.26,5
CLc7,CLF27,Market Price,2026-06-05T05:00:00.000000000Z,-4,Intraday 1Hour,79.3,79.37,79.21,79.21,25
CLc7,CLF27,Market Price,2026-06-05T06:00:00.000000000Z,-4,Intraday 1Hour,79.31,79.31,79.05,79.05,118
CLc7,CLF27,Market Price,2026-06-05T07:00:00.000000000Z,-4,Intraday 1Hour,79.11,79.14,78.7,78.89,173
CLc7,CLF27,Market Price,2026-06-05T08:00:00.000000000Z,-4,Intraday 1Hour,79.08,79.08,78.48,78.94,316
CLc7,CLF27,Market Price,2026-06-05T09:00:00.000000000Z,-4,Intraday 1Hour,79.14,79.14,78.48,78.99,921
CLc7,CLF27,Market Price,2026-06-05T10:00:00.000000000Z,-4,Intraday 1Hour,78.98,79.05,78.77,78.77,244
CLc7,CLF27,Market Price,2026-06-05T11:00:00.000000000Z,-4,Intraday 1Hour,78.9,79.25,78.76,78.87,684
CLc7,CLF27,Market Price,2026-06-05T12:00:00.000000000Z,-4,Intraday 1Hour,78.87,78.92,78.7,78.7,645
CLc7,CLF27,Market Price,2026-06-05T13:00:00.000000000Z,-4,Intraday 1Hour,78.68,78.74,78.16,78.29,1413
CLc7,CLF27,Market Price,2026-06-05T14:00:00.000000000Z,-4,Intraday 1Hour,78.36,78.36,77.74,78.21,600
CLc7,CLF27,Market Price,2026-06-05T15:00:00.000000000Z,-4,Intraday 1Hour,78.14,78.39,77.87,77.91,584
CLc7,CLF27,Market Price,2026-06-05T16:00:00.000000000Z,-4,Intraday 1Hour,77.96,78.02,77.52,77.78,1394
CLc7,CLF27,Market Price,2026-06-05T17:00:00.000000000Z,-4,Intraday 1Hour,77.81,78.03,77.8,78.03,1049
CLc7,CLF27,Market Price,2026-06-05T18:00:00.000000000Z,-4,Intraday 1Hour,78.05,78.37,78.02,78.19,3732
CLc7,CLF27,Market Price,2026-06-05T19:00:00.000000000Z,-4,Intraday 1Hour,78.21,78.27,78.13,78.18,552
CLc7,CLF27,Market Price,2026-06-05T20:00:00.000000000Z,-4,Intraday 1Hour,78.23,78.25,78.13,78.13,316
CLc7,CLF27,Market Price,2026-06-07T22:00:00.000000000Z,-4,Intraday 1Hour,79,80.03,79,79.7,1311
CLc7,CLF27,Market Price,2026-06-07T23:00:00.000000000Z,-4,Intraday 1Hour,79.78,79.78,79.5,79.63,225
CLc7,CLF27,Market Price,2026-06-08T00:00:00.000000000Z,-4,Intraday 1Hour,79.6,79.6,79.36,79.36,62
CLc7,CLF27,Market Price,2026-06-08T01:00:00.000000000Z,-4,Intraday 1Hour,79.32,80.72,79.32,79.82,572
CLc7,CLF27,Market Price,2026-06-08T02:00:00.000000000Z,-4,Intraday 1Hour,80.18,80.57,80.08,80.27,407
CLc7,CLF27,Market Price,2026-06-08T03:00:00.000000000Z,-4,Intraday 1Hour,80.47,80.47,80.2,80.23,222
CLc7,CLF27,Market Price,2026-06-08T04:00:00.000000000Z,-4,Intraday 1Hour,80.56,80.77,80.56,80.76,128
CLc7,CLF27,Market Price,2026-06-08T05:00:00.000000000Z,-4,Intraday 1Hour,80.81,81,80.81,80.98,227
CLc7,CLF27,Market Price,2026-06-08T06:00:00.000000000Z,-4,Intraday 1Hour,81,81.14,81,81.1,320
CLc7,CLF27,Market Price,2026-06-08T07:00:00.000000000Z,-4,Intraday 1Hour,81.24,81.24,80.9,81.06,304
CLc7,CLF27,Market Price,2026-06-08T08:00:00.000000000Z,-4,Intraday 1Hour,81.14,81.32,80.94,81.32,578
CLc7,CLF27,Market Price,2026-06-08T09:00:00.000000000Z,-4,Intraday 1Hour,81.18,81.26,80.84,80.88,738
CLc7,CLF27,Market Price,2026-06-08T10:00:00.000000000Z,-4,Intraday 1Hour,81.35,81.35,80.25,80.56,1501
CLc7,CLF27,Market Price,2026-06-08T11:00:00.000000000Z,-4,Intraday 1Hour,80.58,80.58,79.17,79.26,953
CLc7,CLF27,Market Price,2026-06-08T12:00:00.000000000Z,-4,Intraday 1Hour,79.28,79.84,79.17,79.68,1264
CLc7,CLF27,Market Price,2026-06-08T13:00:00.000000000Z,-4,Intraday 1Hour,79.64,79.76,78.93,79.41,540
CLc7,CLF27,Market Price,2026-06-08T14:00:00.000000000Z,-4,Intraday 1Hour,79.47,79.91,79.27,79.77,917
CLc7,CLF27,Market Price,2026-06-08T15:00:00.000000000Z,-4,Intraday 1Hour,79.71,79.99,79.68,79.99,559
CLc7,CLF27,Market Price,2026-06-08T16:00:00.000000000Z,-4,Intraday 1Hour,80,80.09,79.87,80.09,1643
CLc7,CLF27,Market Price,2026-06-08T17:00:00.000000000Z,-4,Intraday 1Hour,80.01,80.2,79.97,80.12,1496
CLc7,CLF27,Market Price,2026-06-08T18:00:00.000000000Z,-4,Intraday 1Hour,80.24,80.27,80.03,80.1,2443
CLc7,CLF27,Market Price,2026-06-08T19:00:00.000000000Z,-4,Intraday 1Hour,80.1,80.13,79.99,80.02,263
CLc7,CLF27,Market Price,2026-06-08T20:00:00.000000000Z,-4,Intraday 1Hour,80.11,80.23,80.09,80.09,295
CLc7,CLF27,Market Price,2026-06-08T22:00:00.000000000Z,-4,Intraday 1Hour,,,,,1
CLc7,CLF27,Market Price,2026-06-08T23:00:00.000000000Z,-4,Intraday 1Hour,,,,,7
CLc7,CLF27,Market Price,2026-06-09T00:00:00.000000000Z,-4,Intraday 1Hour,79.95,80.15,79.9,80.15,49
CLc7,CLF27,Market Price,2026-06-09T01:00:00.000000000Z,-4,Intraday 1Hour,80.05,80.09,79.84,80.09,45
CLc7,CLF27,Market Price,2026-06-09T02:00:00.000000000Z,-4,Intraday 1Hour,80.04,80.04,79.92,79.93,27
CLc7,CLF27,Market Price,2026-06-09T03:00:00.000000000Z,-4,Intraday 1Hour,79.63,79.63,79.54,79.54,105
CLc7,CLF27,Market Price,2026-06-09T04:00:00.000000000Z,-4,Intraday 1Hour,79.64,79.66,79.61,79.66,17
CLc7,CLF27,Market Price,2026-06-09T05:00:00.000000000Z,-4,Intraday 1Hour,79.72,79.72,79.45,79.55,21
CLc7,CLF27,Market Price,2026-06-09T06:00:00.000000000Z,-4,Intraday 1Hour,79.56,79.66,79.36,79.58,407
CLc7,CLF27,Market Price,2026-06-09T07:00:00.000000000Z,-4,Intraday 1Hour,79.55,79.78,79.3,79.48,380
CLc7,CLF27,Market Price,2026-06-09T08:00:00.000000000Z,-4,Intraday 1Hour,79.47,79.51,78.83,79.02,459
CLc7,CLF27,Market Price,2026-06-09T09:00:00.000000000Z,-4,Intraday 1Hour,78.94,78.94,78.69,78.92,480
CLc7,CLF27,Market Price,2026-06-09T10:00:00.000000000Z,-4,Intraday 1Hour,78.98,79.17,78.69,78.77,1021
CLc7,CLF27,Market Price,2026-06-09T11:00:00.000000000Z,-4,Intraday 1Hour,78.84,79.44,78.84,79.35,684
CLc7,CLF27,Market Price,2026-06-09T12:00:00.000000000Z,-4,Intraday 1Hour,79.35,79.5,79.17,79.33,971
CLc7,CLF27,Market Price,2026-06-09T13:00:00.000000000Z,-4,Intraday 1Hour,79.17,79.41,78.24,78.46,1941
CLc7,CLF27,Market Price,2026-06-09T14:00:00.000000000Z,-4,Intraday 1Hour,78.4,78.69,78.21,78.37,1331
CLc7,CLF27,Market Price,2026-06-09T15:00:00.000000000Z,-4,Intraday 1Hour,78.25,78.33,77.82,77.82,1099
CLc7,CLF27,Market Price,2026-06-09T16:00:00.000000000Z,-4,Intraday 1Hour,77.76,79.62,77.45,78.9,4875
CLc7,CLF27,Market Price,2026-06-09T17:00:00.000000000Z,-4,Intraday 1Hour,78.82,79.23,78.6,79.08,1603
CLc7,CLF27,Market Price,2026-06-09T18:00:00.000000000Z,-4,Intraday 1Hour,79.03,79.32,78.8,78.82,2454
CLc7,CLF27,Market Price,2026-06-09T19:00:00.000000000Z,-4,Intraday 1Hour,78.77,79.06,78.76,78.93,1098
CLc7,CLF27,Market Price,2026-06-09T20:00:00.000000000Z,-4,Intraday 1Hour,79.01,79.07,79,79.05,345
CLc7,CLF27,Market Price,2026-06-09T22:00:00.000000000Z,-4,Intraday 1Hour,79.66,79.66,79.24,79.29,109
CLc7,CLF27,Market Price,2026-06-10T00:00:00.000000000Z,-4,Intraday 1Hour,79.38,79.9,79.27,79.27,411
CLc7,CLF27,Market Price,2026-06-10T01:00:00.000000000Z,-4,Intraday 1Hour,79.3,79.51,78.98,79.51,195
CLc7,CLF27,Market Price,2026-06-10T02:00:00.000000000Z,-4,Intraday 1Hour,79.3,79.37,79.3,79.31,14
CLc7,CLF27,Market Price,2026-06-10T03:00:00.000000000Z,-4,Intraday 1Hour,79.41,79.41,79.27,79.27,8
CLc7,CLF27,Market Price,2026-06-10T04:00:00.000000000Z,-4,Intraday 1Hour,,,,,55
CLc7,CLF27,Market Price,2026-06-10T05:00:00.000000000Z,-4,Intraday 1Hour,79.05,79.16,78.73,78.81,41
CLc7,CLF27,Market Price,2026-06-10T06:00:00.000000000Z,-4,Intraday 1Hour,78.65,78.87,78.65,78.86,124
CLc7,CLF27,Market Price,2026-06-10T07:00:00.000000000Z,-4,Intraday 1Hour,78.85,78.91,78.77,78.77,193
CLc7,CLF27,Market Price,2026-06-10T08:00:00.000000000Z,-4,Intraday 1Hour,78.82,79.14,78.4,78.47,286
CLc7,CLF27,Market Price,2026-06-10T09:00:00.000000000Z,-4,Intraday 1Hour,78.5,78.9,78.4,78.69,233
CLc7,CLF27,Market Price,2026-06-10T10:00:00.000000000Z,-4,Intraday 1Hour,78.74,78.82,78.53,78.6,143
CLc7,CLF27,Market Price,2026-06-10T11:00:00.000000000Z,-4,Intraday 1Hour,78.66,80.14,78.62,79.86,1402
CLc7,CLF27,Market Price,2026-06-10T12:00:00.000000000Z,-4,Intraday 1Hour,79.85,79.85,79.41,79.43,688
CLc7,CLF27,Market Price,2026-06-10T13:00:00.000000000Z,-4,Intraday 1Hour,79.46,80.11,79.45,80.03,1151
CLc7,CLF27,Market Price,2026-06-10T14:00:00.000000000Z,-4,Intraday 1Hour,80.08,80.35,79.93,80.35,1353
CLc7,CLF27,Market Price,2026-06-10T15:00:00.000000000Z,-4,Intraday 1Hour,80.15,80.91,79.98,80.58,2806
CLc7,CLF27,Market Price,2026-06-10T16:00:00.000000000Z,-4,Intraday 1Hour,80.64,80.98,80.62,80.87,2918
CLc7,CLF27,Market Price,2026-06-10T17:00:00.000000000Z,-4,Intraday 1Hour,80.82,81.12,80.82,80.88,2547
CLc7,CLF27,Market Price,2026-06-10T18:00:00.000000000Z,-4,Intraday 1Hour,80.86,80.88,80.1,80.37,2104
CLc7,CLF27,Market Price,2026-06-10T19:00:00.000000000Z,-4,Intraday 1Hour,80.42,80.52,80.38,80.4,362
CLc7,CLF27,Market Price,2026-06-10T20:00:00.000000000Z,-4,Intraday 1Hour,80.4,81.12,80.39,81.12,763
CLc7,CLF27,Market Price,2026-06-10T22:00:00.000000000Z,-4,Intraday 1Hour,81.36,81.86,81.36,81.86,133
CLc7,CLF27,Market Price,2026-06-10T23:00:00.000000000Z,-4,Intraday 1Hour,81.92,82.15,81.39,81.39,119
CLc7,CLF27,Market Price,2026-06-11T00:00:00.000000000Z,-4,Intraday 1Hour,81.34,81.53,81.16,81.3,419
CLc7,CLF27,Market Price,2026-06-11T01:00:00.000000000Z,-4,Intraday 1Hour,81.19,81.19,80.69,80.76,230
CLc7,CLF27,Market Price,2026-06-11T02:00:00.000000000Z,-4,Intraday 1Hour,80.85,80.85,80.73,80.74,38
CLc7,CLF27,Market Price,2026-06-11T03:00:00.000000000Z,-4,Intraday 1Hour,80.93,80.96,80.77,80.77,175
CLc7,CLF27,Market Price,2026-06-11T04:00:00.000000000Z,-4,Intraday 1Hour,,,,,53
CLc7,CLF27,Market Price,2026-06-11T05:00:00.000000000Z,-4,Intraday 1Hour,80.44,80.46,80.02,80.08,221
CLc7,CLF27,Market Price,2026-06-11T06:00:00.000000000Z,-4,Intraday 1Hour,80.26,80.41,80.26,80.26,305
CLc7,CLF27,Market Price,2026-06-11T07:00:00.000000000Z,-4,Intraday 1Hour,79.99,80.09,79.55,79.73,527
CLc7,CLF27,Market Price,2026-06-11T08:00:00.000000000Z,-4,Intraday 1Hour,79.64,79.64,79.38,79.57,695
CLc7,CLF27,Market Price,2026-06-11T09:00:00.000000000Z,-4,Intraday 1Hour,79.71,79.82,79.6,79.67,235
CLc7,CLF27,Market Price,2026-06-11T10:00:00.000000000Z,-4,Intraday 1Hour,79.7,79.82,79.36,79.68,408
CLc7,CLF27,Market Price,2026-06-11T11:00:00.000000000Z,-4,Intraday 1Hour,79.59,79.8,79.36,79.6,878
CLc7,CLF27,Market Price,2026-06-11T12:00:00.000000000Z,-4,Intraday 1Hour,79.6,80.91,79.53,80.22,4975
CLc7,CLF27,Market Price,2026-06-11T13:00:00.000000000Z,-4,Intraday 1Hour,80.41,80.73,79.9,79.9,1193
CLc7,CLF27,Market Price,2026-06-11T14:00:00.000000000Z,-4,Intraday 1Hour,79.99,80.53,79.99,80.34,1739
CLc7,CLF27,Market Price,2026-06-11T15:00:00.000000000Z,-4,Intraday 1Hour,80.38,81,80.38,81,1072
CLc7,CLF27,Market Price,2026-06-11T16:00:00.000000000Z,-4,Intraday 1Hour,80.94,81.26,80.89,81.16,1164
CLc7,CLF27,Market Price,2026-06-11T17:00:00.000000000Z,-4,Intraday 1Hour,81.2,81.23,78.26,78.75,5725
CLc7,CLF27,Market Price,2026-06-11T18:00:00.000000000Z,-4,Intraday 1Hour,78.82,79.64,78.82,79.42,4589
CLc7,CLF27,Market Price,2026-06-11T19:00:00.000000000Z,-4,Intraday 1Hour,79.39,79.42,78.16,78.36,2020
CLc7,CLF27,Market Price,2026-06-11T20:00:00.000000000Z,-4,Intraday 1Hour,78.4,78.42,77.88,78.21,1843
CLc7,CLF27,Market Price,2026-06-11T22:00:00.000000000Z,-4,Intraday 1Hour,77.72,77.86,77.5,77.73,248
CLc7,CLF27,Market Price,2026-06-11T23:00:00.000000000Z,-4,Intraday 1Hour,77.72,78.19,77.72,78.19,18
CLc7,CLF27,Market Price,2026-06-12T00:00:00.000000000Z,-4,Intraday 1Hour,78.16,78.44,78.16,78.44,110
CLc7,CLF27,Market Price,2026-06-12T01:00:00.000000000Z,-4,Intraday 1Hour,78.5,78.59,78.36,78.44,149
CLc7,CLF27,Market Price,2026-06-12T02:00:00.000000000Z,-4,Intraday 1Hour,78.37,78.43,78.33,78.36,29
CLc7,CLF27,Market Price,2026-06-12T03:00:00.000000000Z,-4,Intraday 1Hour,78.4,78.42,78,78.02,231
CLc7,CLF27,Market Price,2026-06-12T04:00:00.000000000Z,-4,Intraday 1Hour,78.05,78.05,77.87,78,30
CLc7,CLF27,Market Price,2026-06-12T05:00:00.000000000Z,-4,Intraday 1Hour,77.92,77.92,77.79,77.89,83
CLc7,CLF27,Market Price,2026-06-12T06:00:00.000000000Z,-4,Intraday 1Hour,77.9,78.01,77.56,77.76,231
CLc7,CLF27,Market Price,2026-06-12T07:00:00.000000000Z,-4,Intraday 1Hour,77.75,77.85,76.82,76.82,898
CLc7,CLF27,Market Price,2026-06-12T08:00:00.000000000Z,-4,Intraday 1Hour,76.86,76.88,75.67,76.02,1730
CLc7,CLF27,Market Price,2026-06-12T09:00:00.000000000Z,-4,Intraday 1Hour,75.81,76.01,75.74,75.94,1782
CLc7,CLF27,Market Price,2026-06-12T10:00:00.000000000Z,-4,Intraday 1Hour,76.06,76.87,76.06,76.73,965
CLc7,CLF27,Market Price,2026-06-12T11:00:00.000000000Z,-4,Intraday 1Hour,76.69,77.05,76.44,77.05,1042
CLc7,CLF27,Market Price,2026-06-12T12:00:00.000000000Z,-4,Intraday 1Hour,77.08,77.47,77.08,77.27,951
CLc7,CLF27,Market Price,2026-06-12T13:00:00.000000000Z,-4,Intraday 1Hour,77.19,78.3,77.09,78.26,2303
CLc7,CLF27,Market Price,2026-06-12T14:00:00.000000000Z,-4,Intraday 1Hour,78.22,78.29,76.79,76.81,3136
CLc7,CLF27,Market Price,2026-06-12T15:00:00.000000000Z,-4,Intraday 1Hour,76.95,76.95,76.23,76.38,1698
CLc7,CLF27,Market Price,2026-06-12T16:00:00.000000000Z,-4,Intraday 1Hour,76.37,76.5,76.12,76.41,1676
CLc7,CLF27,Market Price,2026-06-12T17:00:00.000000000Z,-4,Intraday 1Hour,76.38,76.46,76.17,76.36,999
CLc7,CLF27,Market Price,2026-06-12T18:00:00.000000000Z,-4,Intraday 1Hour,76.42,76.47,76.14,76.17,2143
CLc7,CLF27,Market Price,2026-06-12T19:00:00.000000000Z,-4,Intraday 1Hour,76.15,76.32,76.15,76.17,511
CLc7,CLF27,Market Price,2026-06-12T20:00:00.000000000Z,-4,Intraday 1Hour,76.2,76.32,76.09,76.24,277
CLc7,CLF27,Market Price,2026-06-14T22:00:00.000000000Z,-4,Intraday 1Hour,75,75,73.76,74.19,1280
CLc7,CLF27,Market Price,2026-06-14T23:00:00.000000000Z,-4,Intraday 1Hour,74.16,74.16,74.03,74.03,172
CLc7,CLF27,Market Price,2026-06-15T00:00:00.000000000Z,-4,Intraday 1Hour,74.06,74.17,73.76,74.17,142
CLc7,CLF27,Market Price,2026-06-15T01:00:00.000000000Z,-4,Intraday 1Hour,74.29,74.33,74,74.25,336
CLc7,CLF27,Market Price,2026-06-15T02:00:00.000000000Z,-4,Intraday 1Hour,74.21,74.21,73.68,73.68,321
CLc7,CLF27,Market Price,2026-06-15T03:00:00.000000000Z,-4,Intraday 1Hour,73.75,73.94,73.69,73.81,183
CLc7,CLF27,Market Price,2026-06-15T04:00:00.000000000Z,-4,Intraday 1Hour,73.97,73.97,73.84,73.86,53
CLc7,CLF27,Market Price,2026-06-15T05:00:00.000000000Z,-4,Intraday 1Hour,73.94,74.12,73.94,74.08,172
CLc7,CLF27,Market Price,2026-06-15T06:00:00.000000000Z,-4,Intraday 1Hour,74.27,74.34,73.99,74.1,487
CLc7,CLF27,Market Price,2026-06-15T07:00:00.000000000Z,-4,Intraday 1Hour,74.03,74.15,73.6,73.84,466
CLc7,CLF27,Market Price,2026-06-15T08:00:00.000000000Z,-4,Intraday 1Hour,73.85,74.1,73.71,73.79,1033
CLc7,CLF27,Market Price,2026-06-15T09:00:00.000000000Z,-4,Intraday 1Hour,73.83,74.25,73.58,74.03,1161
CLc7,CLF27,Market Price,2026-06-15T10:00:00.000000000Z,-4,Intraday 1Hour,74.06,74.3,74.05,74.22,818
CLc7,CLF27,Market Price,2026-06-15T11:00:00.000000000Z,-4,Intraday 1Hour,74.19,74.34,74.02,74.34,572
CLc7,CLF27,Market Price,2026-06-15T12:00:00.000000000Z,-4,Intraday 1Hour,74.28,74.34,74.05,74.08,526
CLc7,CLF27,Market Price,2026-06-15T13:00:00.000000000Z,-4,Intraday 1Hour,74.06,74.3,73.92,73.92,539
CLc7,CLF27,Market Price,2026-06-15T14:00:00.000000000Z,-4,Intraday 1Hour,73.99,74.01,73.58,73.92,1890
CLc7,CLF27,Market Price,2026-06-15T15:00:00.000000000Z,-4,Intraday 1Hour,74.01,74.04,73.54,73.58,2584
CLc7,CLF27,Market Price,2026-06-15T16:00:00.000000000Z,-4,Intraday 1Hour,73.56,73.68,73.5,73.67,805
CLc7,CLF27,Market Price,2026-06-15T17:00:00.000000000Z,-4,Intraday 1Hour,73.72,73.88,73.69,73.84,1253
CLc7,CLF27,Market Price,2026-06-15T18:00:00.000000000Z,-4,Intraday 1Hour,73.83,74.12,73.69,74.06,2224
CLc7,CLF27,Market Price,2026-06-15T19:00:00.000000000Z,-4,Intraday 1Hour,74.08,74.39,74.08,74.28,770
CLc7,CLF27,Market Price,2026-06-15T20:00:00.000000000Z,-4,Intraday 1Hour,74.36,74.43,74.16,74.17,319
CLc7,CLF27,Market Price,2026-06-15T23:00:00.000000000Z,-4,Intraday 1Hour,74.3,74.3,74.3,74.3,24
CLc7,CLF27,Market Price,2026-06-16T00:00:00.000000000Z,-4,Intraday 1Hour,74.32,74.39,74.23,74.32,143
CLc7,CLF27,Market Price,2026-06-16T01:00:00.000000000Z,-4,Intraday 1Hour,74.35,74.37,74.05,74.05,67
CLc7,CLF27,Market Price,2026-06-16T02:00:00.000000000Z,-4,Intraday 1Hour,74.15,74.16,73.91,73.91,128
CLc7,CLF27,Market Price,2026-06-16T03:00:00.000000000Z,-4,Intraday 1Hour,73.91,73.91,73.91,73.91,11
CLc7,CLF27,Market Price,2026-06-16T04:00:00.000000000Z,-4,Intraday 1Hour,74.02,74.05,73.96,73.96,84
CLc7,CLF27,Market Price,2026-06-16T05:00:00.000000000Z,-4,Intraday 1Hour,73.94,73.94,73.72,73.72,48
CLc7,CLF27,Market Price,2026-06-16T06:00:00.000000000Z,-4,Intraday 1Hour,73.95,74.02,73.87,74,155
CLc7,CLF27,Market Price,2026-06-16T07:00:00.000000000Z,-4,Intraday 1Hour,73.89,73.89,73.42,73.42,640
CLc7,CLF27,Market Price,2026-06-16T08:00:00.000000000Z,-4,Intraday 1Hour,73.46,73.46,72.78,72.85,1604
CLc7,CLF27,Market Price,2026-06-16T09:00:00.000000000Z,-4,Intraday 1Hour,72.9,73.35,72.9,73.17,617
CLc7,CLF27,Market Price,2026-06-16T10:00:00.000000000Z,-4,Intraday 1Hour,73.2,73.2,72.92,73.06,633
CLc7,CLF27,Market Price,2026-06-16T11:00:00.000000000Z,-4,Intraday 1Hour,72.99,73.02,72.86,72.91,1477
CLc7,CLF27,Market Price,2026-06-16T12:00:00.000000000Z,-4,Intraday 1Hour,72.91,72.91,72.21,72.43,2784
CLc7,CLF27,Market Price,2026-06-16T13:00:00.000000000Z,-4,Intraday 1Hour,72.53,73.14,72.49,72.95,3457
CLc7,CLF27,Market Price,2026-06-16T14:00:00.000000000Z,-4,Intraday 1Hour,72.94,73.05,72.37,72.6,2785
CLc7,CLF27,Market Price,2026-06-16T15:00:00.000000000Z,-4,Intraday 1Hour,72.59,72.81,71.72,71.87,3805
CLc7,CLF27,Market Price,2026-06-16T16:00:00.000000000Z,-4,Intraday 1Hour,71.91,71.98,71.56,71.72,2536
CLc7,CLF27,Market Price,2026-06-16T17:00:00.000000000Z,-4,Intraday 1Hour,71.83,72.08,71.78,71.87,3331
CLc7,CLF27,Market Price,2026-06-16T18:00:00.000000000Z,-4,Intraday 1Hour,71.91,72.05,71.76,72.05,3209
CLc7,CLF27,Market Price,2026-06-16T19:00:00.000000000Z,-4,Intraday 1Hour,72.07,72.63,72.07,72.44,927
CLc7,CLF27,Market Price,2026-06-16T20:00:00.000000000Z,-4,Intraday 1Hour,72.34,72.36,72.14,72.21,250
CLc7,CLF27,Market Price,2026-06-16T22:00:00.000000000Z,-4,Intraday 1Hour,,,,,12
CLc7,CLF27,Market Price,2026-06-16T23:00:00.000000000Z,-4,Intraday 1Hour,72.19,72.28,72.19,72.2,8
CLc7,CLF27,Market Price,2026-06-17T00:00:00.000000000Z,-4,Intraday 1Hour,72.22,72.3,72.17,72.24,65
CLc7,CLF27,Market Price,2026-06-17T01:00:00.000000000Z,-4,Intraday 1Hour,72.29,72.29,71.97,71.99,76
CLc7,CLF27,Market Price,2026-06-17T02:00:00.000000000Z,-4,Intraday 1Hour,72,72.02,71.96,72,300
CLc7,CLF27,Market Price,2026-06-17T03:00:00.000000000Z,-4,Intraday 1Hour,71.98,71.98,71.61,71.61,113
CLc7,CLF27,Market Price,2026-06-17T04:00:00.000000000Z,-4,Intraday 1Hour,71.63,71.78,71.58,71.62,56
CLc7,CLF27,Market Price,2026-06-17T05:00:00.000000000Z,-4,Intraday 1Hour,71.63,72.27,71.36,72.27,148
CLc7,CLF27,Market Price,2026-06-17T06:00:00.000000000Z,-4,Intraday 1Hour,72.05,72.22,71.71,71.89,411
CLc7,CLF27,Market Price,2026-06-17T07:00:00.000000000Z,-4,Intraday 1Hour,71.87,71.93,71.26,71.85,1038
CLc7,CLF27,Market Price,2026-06-17T08:00:00.000000000Z,-4,Intraday 1Hour,71.88,72.38,71.77,72.09,1415
CLc7,CLF27,Market Price,2026-06-17T09:00:00.000000000Z,-4,Intraday 1Hour,72.09,72.17,71.74,72.07,1768
CLc7,CLF27,Market Price,2026-06-17T10:00:00.000000000Z,-4,Intraday 1Hour,72.14,72.26,71.85,72.25,517
CLc7,CLF27,Market Price,2026-06-17T11:00:00.000000000Z,-4,Intraday 1Hour,72.29,72.56,72.18,72.44,452
CLc7,CLF27,Market Price,2026-06-17T12:00:00.000000000Z,-4,Intraday 1Hour,72.43,72.53,72.25,72.3,2457
CLc7,CLF27,Market Price,2026-06-17T13:00:00.000000000Z,-4,Intraday 1Hour,72.3,72.67,72.21,72.51,1375
CLc7,CLF27,Market Price,2026-06-17T14:00:00.000000000Z,-4,Intraday 1Hour,72.53,73.97,72.16,72.44,9399
CLc7,CLF27,Market Price,2026-06-17T15:00:00.000000000Z,-4,Intraday 1Hour,72.34,72.35,71.58,71.75,3843
CLc7,CLF27,Market Price,2026-06-17T16:00:00.000000000Z,-4,Intraday 1Hour,71.79,72.06,71.7,71.71,1797
CLc7,CLF27,Market Price,2026-06-17T17:00:00.000000000Z,-4,Intraday 1Hour,71.69,71.93,71.5,71.62,1798
CLc7,CLF27,Market Price,2026-06-17T18:00:00.000000000Z,-4,Intraday 1Hour,71.62,72.05,71.56,71.76,2382
CLc7,CLF27,Market Price,2026-06-17T19:00:00.000000000Z,-4,Intraday 1Hour,71.75,71.85,71.54,71.54,1159
CLc7,CLF27,Market Price,2026-06-17T20:00:00.000000000Z,-4,Intraday 1Hour,71.55,71.57,71.3,71.37,777
CLc7,CLF27,Market Price,2026-06-17T22:00:00.000000000Z,-4,Intraday 1Hour,71.5,71.5,71.42,71.42,128
CLc7,CLF27,Market Price,2026-06-17T23:00:00.000000000Z,-4,Intraday 1Hour,71.26,71.26,71.26,71.26,6
CLc7,CLF27,Market Price,2026-06-18T00:00:00.000000000Z,-4,Intraday 1Hour,71.36,71.47,71.29,71.47,128
CLc7,CLF27,Market Price,2026-06-18T01:00:00.000000000Z,-4,Intraday 1Hour,71.35,71.36,71,71.12,74
CLc7,CLF27,Market Price,2026-06-18T02:00:00.000000000Z,-4,Intraday 1Hour,71.12,71.25,71.01,71.24,92
CLc7,CLF27,Market Price,2026-06-18T03:00:00.000000000Z,-4,Intraday 1Hour,71.14,71.14,70.92,70.93,201
CLc7,CLF27,Market Price,2026-06-18T04:00:00.000000000Z,-4,Intraday 1Hour,70.93,70.93,70.65,70.73,230
CLc7,CLF27,Market Price,2026-06-18T05:00:00.000000000Z,-4,Intraday 1Hour,70.75,70.76,70.6,70.71,147
CLc7,CLF27,Market Price,2026-06-18T06:00:00.000000000Z,-4,Intraday 1Hour,70.54,70.78,70.26,70.78,665
CLc7,CLF27,Market Price,2026-06-18T07:00:00.000000000Z,-4,Intraday 1Hour,70.7,71.04,70.62,70.77,588
CLc7,CLF27,Market Price,2026-06-18T08:00:00.000000000Z,-4,Intraday 1Hour,70.69,70.94,70.5,70.56,394
CLc7,CLF27,Market Price,2026-06-18T09:00:00.000000000Z,-4,Intraday 1Hour,70.63,70.89,70.46,70.55,445
CLc7,CLF27,Market Price,2026-06-18T10:00:00.000000000Z,-4,Intraday 1Hour,70.72,71.48,70.71,71.18,557
CLc7,CLF27,Market Price,2026-06-18T11:00:00.000000000Z,-4,Intraday 1Hour,71.1,71.32,71.04,71.16,456
CLc7,CLF27,Market Price,2026-06-18T12:00:00.000000000Z,-4,Intraday 1Hour,71.15,71.2,70.82,70.91,462
CLc7,CLF27,Market Price,2026-06-18T13:00:00.000000000Z,-4,Intraday 1Hour,70.9,71.05,69.87,69.96,2138
CLc7,CLF27,Market Price,2026-06-18T14:00:00.000000000Z,-4,Intraday 1Hour,70.05,70.24,69.71,70.05,1069
CLc7,CLF27,Market Price,2026-06-18T15:00:00.000000000Z,-4,Intraday 1Hour,70.09,70.45,69.73,70.35,1520
CLc7,CLF27,Market Price,2026-06-18T16:00:00.000000000Z,-4,Intraday 1Hour,70.4,70.6,70.25,70.59,2515
CLc7,CLF27,Market Price,2026-06-18T17:00:00.000000000Z,-4,Intraday 1Hour,70.57,70.7,70.41,70.67,1721
CLc7,CLF27,Market Price,2026-06-18T18:00:00.000000000Z,-4,Intraday 1Hour,70.69,71.93,70.69,71.51,4153
CLc7,CLF27,Market Price,2026-06-18T19:00:00.000000000Z,-4,Intraday 1Hour,71.57,71.61,71.42,71.6,1010
CLc7,CLF27,Market Price,2026-06-18T20:00:00.000000000Z,-4,Intraday 1Hour,71.64,71.71,71.38,71.52,772
CLc7,CLF27,Market Price,2026-06-18T22:00:00.000000000Z,-4,Intraday 1Hour,,,,,20
CLc7,CLF27,Market Price,2026-06-18T23:00:00.000000000Z,-4,Intraday 1Hour,71.43,71.43,71.16,71.32,8
CLc7,CLF27,Market Price,2026-06-19T00:00:00.000000000Z,-4,Intraday 1Hour,71.36,71.36,71.21,71.27,51
CLc7,CLF27,Market Price,2026-06-19T01:00:00.000000000Z,-4,Intraday 1Hour,71.3,71.62,71.29,71.61,155
CLc7,CLF27,Market Price,2026-06-19T02:00:00.000000000Z,-4,Intraday 1Hour,71.61,71.69,71.5,71.56,28
CLc7,CLF27,Market Price,2026-06-19T03:00:00.000000000Z,-4,Intraday 1Hour,71.53,71.53,71.3,71.3,183
CLc7,CLF27,Market Price,2026-06-19T04:00:00.000000000Z,-4,Intraday 1Hour,71.27,71.72,71.27,71.63,91
CLc7,CLF27,Market Price,2026-06-19T05:00:00.000000000Z,-4,Intraday 1Hour,71.52,72.05,71.52,71.84,273
CLc7,CLF27,Market Price,2026-06-19T06:00:00.000000000Z,-4,Intraday 1Hour,71.84,72.11,71.8,71.8,321
CLc7,CLF27,Market Price,2026-06-19T07:00:00.000000000Z,-4,Intraday 1Hour,71.79,71.96,71.65,71.87,694
CLc7,CLF27,Market Price,2026-06-19T08:00:00.000000000Z,-4,Intraday 1Hour,71.91,72.01,71.33,71.59,743
CLc7,CLF27,Market Price,2026-06-19T09:00:00.000000000Z,-4,Intraday 1Hour,71.54,71.6,71.27,71.27,486
CLc7,CLF27,Market Price,2026-06-19T10:00:00.000000000Z,-4,Intraday 1Hour,71.5,71.84,71.49,71.5,476
CLc7,CLF27,Market Price,2026-06-19T11:00:00.000000000Z,-4,Intraday 1Hour,71.65,71.88,71.57,71.76,686
CLc7,CLF27,Market Price,2026-06-19T12:00:00.000000000Z,-4,Intraday 1Hour,71.89,72.24,71.31,71.32,1577
CLc7,CLF27,Market Price,2026-06-19T13:00:00.000000000Z,-4,Intraday 1Hour,71.27,71.96,71.16,71.93,1271
CLc7,CLF27,Market Price,2026-06-19T14:00:00.000000000Z,-4,Intraday 1Hour,71.99,72.07,71.88,72.07,323
CLc7,CLF27,Market Price,2026-06-19T15:00:00.000000000Z,-4,Intraday 1Hour,72.09,72.5,72.04,72.3,731
CLc7,CLF27,Market Price,2026-06-19T16:00:00.000000000Z,-4,Intraday 1Hour,72.38,72.5,72.16,72.26,338
CLc7,CLF27,Market Price,2026-06-21T22:00:00.000000000Z,-4,Intraday 1Hour,72.66,73.16,72.66,72.78,523
CLc7,CLF27,Market Price,2026-06-21T23:00:00.000000000Z,-4,Intraday 1Hour,72.86,72.96,72.84,72.88,97
CLc7,CLF27,Market Price,2026-06-22T00:00:00.000000000Z,-4,Intraday 1Hour,72.72,72.94,72.31,72.31,232
CLc7,CLF27,Market Price,2026-06-22T01:00:00.000000000Z,-4,Intraday 1Hour,72.26,72.26,71.36,71.47,403
CLc7,CLF27,Market Price,2026-06-22T02:00:00.000000000Z,-4,Intraday 1Hour,71.46,71.49,71.04,71.21,80
CLc7,CLF27,Market Price,2026-06-22T03:00:00.000000000Z,-4,Intraday 1Hour,71.26,71.57,71.25,71.52,74
CLc7,CLF27,Market Price,2026-06-22T04:00:00.000000000Z,-4,Intraday 1Hour,71.5,71.55,71.39,71.39,30
CLc7,CLF27,Market Price,2026-06-22T05:00:00.000000000Z,-4,Intraday 1Hour,71.24,71.3,71.04,71.2,57
CLc7,CLF27,Market Price,2026-06-22T06:00:00.000000000Z,-4,Intraday 1Hour,71.27,71.37,71,71.34,182
CLc7,CLF27,Market Price,2026-06-22T07:00:00.000000000Z,-4,Intraday 1Hour,71.34,71.77,71.25,71.7,432
CLc7,CLF27,Market Price,2026-06-22T08:00:00.000000000Z,-4,Intraday 1Hour,71.67,72.05,71.19,71.25,442
CLc7,CLF27,Market Price,2026-06-22T09:00:00.000000000Z,-4,Intraday 1Hour,71.26,71.42,71.15,71.28,227
CLc7,CLF27,Market Price,2026-06-22T10:00:00.000000000Z,-4,Intraday 1Hour,71.31,71.45,71.27,71.33,345
CLc7,CLF27,Market Price,2026-06-22T11:00:00.000000000Z,-4,Intraday 1Hour,71.34,71.44,70.87,71.12,706
CLc7,CLF27,Market Price,2026-06-22T12:00:00.000000000Z,-4,Intraday 1Hour,71.12,71.27,70.84,70.97,871
CLc7,CLF27,Market Price,2026-06-22T13:00:00.000000000Z,-4,Intraday 1Hour,70.91,71.28,70.33,70.42,2129
CLc7,CLF27,Market Price,2026-06-22T14:00:00.000000000Z,-4,Intraday 1Hour,70.43,70.76,70.26,70.52,1149
CLc7,CLF27,Market Price,2026-06-22T15:00:00.000000000Z,-4,Intraday 1Hour,70.58,70.58,70.09,70.12,1976
CLc7,CLF27,Market Price,2026-06-22T16:00:00.000000000Z,-4,Intraday 1Hour,70.19,70.58,70.19,70.43,1693
CLc7,CLF27,Market Price,2026-06-22T17:00:00.000000000Z,-4,Intraday 1Hour,70.48,70.51,70.22,70.23,1156
CLc7,CLF27,Market Price,2026-06-22T18:00:00.000000000Z,-4,Intraday 1Hour,70.28,70.5,70.16,70.45,3032
CLc7,CLF27,Market Price,2026-06-22T19:00:00.000000000Z,-4,Intraday 1Hour,70.49,70.69,70.47,70.69,741
CLc7,CLF27,Market Price,2026-06-22T20:00:00.000000000Z,-4,Intraday 1Hour,70.69,70.69,70.54,70.57,203
CLc7,CLG27,Market Price,2026-06-22T22:00:00.000000000Z,-4,Intraday 1Hour,70.24,70.24,70.24,70.24,32
CLc7,CLG27,Market Price,2026-06-22T23:00:00.000000000Z,-4,Intraday 1Hour,,,,,10
CLc7,CLG27,Market Price,2026-06-23T00:00:00.000000000Z,-4,Intraday 1Hour,70.2,70.2,70.14,70.14,184
CLc7,CLG27,Market Price,2026-06-23T01:00:00.000000000Z,-4,Intraday 1Hour,70.11,70.13,69.97,69.99,51
CLc7,CLG27,Market Price,2026-06-23T02:00:00.000000000Z,-4,Intraday 1Hour,69.9,70.18,69.9,70.04,34
CLc7,CLG27,Market Price,2026-06-23T03:00:00.000000000Z,-4,Intraday 1Hour,69.94,69.94,69.82,69.82,28
CLc7,CLG27,Market Price,2026-06-23T04:00:00.000000000Z,-4,Intraday 1Hour,69.86,69.9,69.86,69.9,14
CLc7,CLG27,Market Price,2026-06-23T05:00:00.000000000Z,-4,Intraday 1Hour,69.55,69.55,69.54,69.54,71
CLc7,CLG27,Market Price,2026-06-23T06:00:00.000000000Z,-4,Intraday 1Hour,69.51,69.56,69.21,69.46,175
CLc7,CLG27,Market Price,2026-06-23T07:00:00.000000000Z,-4,Intraday 1Hour,69.38,69.58,69.27,69.56,106
CLc7,CLG27,Market Price,2026-06-23T08:00:00.000000000Z,-4,Intraday 1Hour,69.7,69.91,69.7,69.91,90
CLc7,CLG27,Market Price,2026-06-23T09:00:00.000000000Z,-4,Intraday 1Hour,69.85,69.85,69.83,69.85,160
CLc7,CLG27,Market Price,2026-06-23T10:00:00.000000000Z,-4,Intraday 1Hour,69.86,70.12,69.86,70.11,2549
CLc7,CLG27,Market Price,2026-06-23T11:00:00.000000000Z,-4,Intraday 1Hour,70.09,70.21,69.93,70.05,507
CLc7,CLG27,Market Price,2026-06-23T12:00:00.000000000Z,-4,Intraday 1Hour,69.81,69.82,69.7,69.72,305
CLc7,CLG27,Market Price,2026-06-23T13:00:00.000000000Z,-4,Intraday 1Hour,69.88,70.05,69.51,69.63,656
CLc7,CLG27,Market Price,2026-06-23T14:00:00.000000000Z,-4,Intraday 1Hour,69.53,69.91,69.37,69.74,830
CLc7,CLG27,Market Price,2026-06-23T15:00:00.000000000Z,-4,Intraday 1Hour,69.8,69.84,69.46,69.6,572
CLc7,CLG27,Market Price,2026-06-23T16:00:00.000000000Z,-4,Intraday 1Hour,69.64,69.77,69.55,69.7,228
CLc7,CLG27,Market Price,2026-06-23T17:00:00.000000000Z,-4,Intraday 1Hour,69.71,69.87,69.7,69.7,463
CLc7,CLG27,Market Price,2026-06-23T18:00:00.000000000Z,-4,Intraday 1Hour,69.82,69.94,69.68,69.87,1149
CLc7,CLG27,Market Price,2026-06-23T19:00:00.000000000Z,-4,Intraday 1Hour,69.88,69.91,69.84,69.84,157
CLc7,CLG27,Market Price,2026-06-23T20:00:00.000000000Z,-4,Intraday 1Hour,69.93,69.93,69.62,69.62,318
CLc7,CLG27,Market Price,2026-06-23T22:00:00.000000000Z,-4,Intraday 1Hour,69.58,69.59,69.58,69.59,20
CLc7,CLG27,Market Price,2026-06-23T23:00:00.000000000Z,-4,Intraday 1Hour,69.55,69.55,69.55,69.55,10
CLc7,CLG27,Market Price,2026-06-24T00:00:00.000000000Z,-4,Intraday 1Hour,69.5,69.5,69.5,69.5,57
CLc7,CLG27,Market Price,2026-06-24T01:00:00.000000000Z,-4,Intraday 1Hour,69.5,69.55,69.23,69.55,180
CLc7,CLG27,Market Price,2026-06-24T02:00:00.000000000Z,-4,Intraday 1Hour,69.25,69.25,69.25,69.25,35
CLc7,CLG27,Market Price,2026-06-24T03:00:00.000000000Z,-4,Intraday 1Hour,69.04,69.22,69.04,69.22,73
CLc7,CLG27,Market Price,2026-06-24T04:00:00.000000000Z,-4,Intraday 1Hour,69.32,69.42,69.3,69.38,31
CLc7,CLG27,Market Price,2026-06-24T05:00:00.000000000Z,-4,Intraday 1Hour,69.43,69.43,69.26,69.26,20
CLc7,CLG27,Market Price,2026-06-24T06:00:00.000000000Z,-4,Intraday 1Hour,69.37,69.64,69.28,69.38,198
CLc7,CLG27,Market Price,2026-06-24T07:00:00.000000000Z,-4,Intraday 1Hour,69.35,69.35,69,69,330
CLc7,CLG27,Market Price,2026-06-24T08:00:00.000000000Z,-4,Intraday 1Hour,68.96,69.1,68.87,69.1,434
CLc7,CLG27,Market Price,2026-06-24T09:00:00.000000000Z,-4,Intraday 1Hour,69.13,69.15,68.8,69.04,466
CLc7,CLG27,Market Price,2026-06-24T10:00:00.000000000Z,-4,Intraday 1Hour,69.13,69.18,68.84,68.89,955
CLc7,CLG27,Market Price,2026-06-24T11:00:00.000000000Z,-4,Intraday 1Hour,68.84,68.94,68.37,68.44,789
CLc7,CLG27,Market Price,2026-06-24T12:00:00.000000000Z,-4,Intraday 1Hour,68.35,68.4,68.17,68.23,1017
CLc7,CLG27,Market Price,2026-06-24T13:00:00.000000000Z,-4,Intraday 1Hour,68.21,68.21,67.48,67.5,2184
CLc7,CLG27,Market Price,2026-06-24T14:00:00.000000000Z,-4,Intraday 1Hour,67.59,67.79,67.4,67.51,844
CLc7,CLG27,Market Price,2026-06-24T15:00:00.000000000Z,-4,Intraday 1Hour,67.54,67.8,67.34,67.79,2852
CLc7,CLG27,Market Price,2026-06-24T16:00:00.000000000Z,-4,Intraday 1Hour,67.73,68.11,67.71,67.88,830
CLc7,CLG27,Market Price,2026-06-24T17:00:00.000000000Z,-4,Intraday 1Hour,67.93,67.93,67.62,67.78,329
CLc7,CLG27,Market Price,2026-06-24T18:00:00.000000000Z,-4,Intraday 1Hour,67.76,67.82,67.54,67.54,1442
CLc7,CLG27,Market Price,2026-06-24T19:00:00.000000000Z,-4,Intraday 1Hour,67.53,67.63,67.52,67.62,242
CLc7,CLG27,Market Price,2026-06-24T20:00:00.000000000Z,-4,Intraday 1Hour,67.57,67.57,67.48,67.48,448
CLc7,CLG27,Market Price,2026-06-24T22:00:00.000000000Z,-4,Intraday 1Hour,,,,,9
CLc7,CLG27,Market Price,2026-06-24T23:00:00.000000000Z,-4,Intraday 1Hour,67.49,67.56,67.49,67.56,14
CLc7,CLG27,Market Price,2026-06-25T00:00:00.000000000Z,-4,Intraday 1Hour,67.59,67.59,67.59,67.59,55
CLc7,CLG27,Market Price,2026-06-25T01:00:00.000000000Z,-4,Intraday 1Hour,67.46,67.46,67.06,67.06,163
CLc7,CLG27,Market Price,2026-06-25T02:00:00.000000000Z,-4,Intraday 1Hour,66.96,67.16,66.96,67.11,67
CLc7,CLG27,Market Price,2026-06-25T03:00:00.000000000Z,-4,Intraday 1Hour,67.06,67.08,66.95,67.04,79
CLc7,CLG27,Market Price,2026-06-25T04:00:00.000000000Z,-4,Intraday 1Hour,67.05,67.16,67.05,67.15,39
CLc7,CLG27,Market Price,2026-06-25T05:00:00.000000000Z,-4,Intraday 1Hour,67.14,67.14,66.95,67.01,113
CLc7,CLG27,Market Price,2026-06-25T06:00:00.000000000Z,-4,Intraday 1Hour,67.13,67.29,67.08,67.08,148
CLc7,CLG27,Market Price,2026-06-25T07:00:00.000000000Z,-4,Intraday 1Hour,67.11,67.44,67.03,67.44,274
CLc7,CLG27,Market Price,2026-06-25T08:00:00.000000000Z,-4,Intraday 1Hour,67.35,67.36,66.66,66.92,402
CLc7,CLG27,Market Price,2026-06-25T09:00:00.000000000Z,-4,Intraday 1Hour,66.81,67.1,66.75,67.1,263
CLc7,CLG27,Market Price,2026-06-25T10:00:00.000000000Z,-4,Intraday 1Hour,67.18,67.23,67.05,67.07,148
CLc7,CLG27,Market Price,2026-06-25T11:00:00.000000000Z,-4,Intraday 1Hour,67.11,67.52,67.03,67.47,236
CLc7,CLG27,Market Price,2026-06-25T12:00:00.000000000Z,-4,Intraday 1Hour,67.47,67.57,67.32,67.43,1210
CLc7,CLG27,Market Price,2026-06-25T13:00:00.000000000Z,-4,Intraday 1Hour,67.29,67.97,67.29,67.88,1011
CLc7,CLG27,Market Price,2026-06-25T14:00:00.000000000Z,-4,Intraday 1Hour,68.05,68.26,67.99,68.09,1513
CLc7,CLG27,Market Price,2026-06-25T15:00:00.000000000Z,-4,Intraday 1Hour,68.15,68.77,68.15,68.59,1776
CLc7,CLG27,Market Price,2026-06-25T16:00:00.000000000Z,-4,Intraday 1Hour,68.58,68.63,68.46,68.5,688
CLc7,CLG27,Market Price,2026-06-25T17:00:00.000000000Z,-4,Intraday 1Hour,68.55,68.62,68.42,68.59,1010
CLc7,CLG27,Market Price,2026-06-25T18:00:00.000000000Z,-4,Intraday 1Hour,68.71,69.23,68.71,69.23,2983
CLc7,CLG27,Market Price,2026-06-25T19:00:00.000000000Z,-4,Intraday 1Hour,69.27,69.5,69.06,69.06,372
CLc7,CLG27,Market Price,2026-06-25T20:00:00.000000000Z,-4,Intraday 1Hour,69.17,69.17,68.72,68.76,282
CLc7,CLG27,Market Price,2026-06-25T22:00:00.000000000Z,-4,Intraday 1Hour,,,,,7
CLc7,CLG27,Market Price,2026-06-25T23:00:00.000000000Z,-4,Intraday 1Hour,,,,,6
CLc7,CLG27,Market Price,2026-06-26T00:00:00.000000000Z,-4,Intraday 1Hour,68.77,69,68.77,69,89
CLc7,CLG27,Market Price,2026-06-26T01:00:00.000000000Z,-4,Intraday 1Hour,68.92,68.92,68.62,68.62,35
CLc7,CLG27,Market Price,2026-06-26T02:00:00.000000000Z,-4,Intraday 1Hour,68.52,68.52,68.32,68.32,95
CLc7,CLG27,Market Price,2026-06-26T03:00:00.000000000Z,-4,Intraday 1Hour,68.15,68.16,68,68.07,158
CLc7,CLG27,Market Price,2026-06-26T04:00:00.000000000Z,-4,Intraday 1Hour,68.08,68.08,67.99,67.99,52
CLc7,CLG27,Market Price,2026-06-26T05:00:00.000000000Z,-4,Intraday 1Hour,67.97,68.18,67.97,68.18,195
CLc7,CLG27,Market Price,2026-06-26T06:00:00.000000000Z,-4,Intraday 1Hour,68.23,68.23,67.97,68.09,72
CLc7,CLG27,Market Price,2026-06-26T07:00:00.000000000Z,-4,Intraday 1Hour,68.05,68.05,67.51,67.51,265
CLc7,CLG27,Market Price,2026-06-26T08:00:00.000000000Z,-4,Intraday 1Hour,67.41,67.62,66.85,67.09,1117
CLc7,CLG27,Market Price,2026-06-26T09:00:00.000000000Z,-4,Intraday 1Hour,67.11,67.15,66.85,66.85,498
CLc7,CLG27,Market Price,2026-06-26T10:00:00.000000000Z,-4,Intraday 1Hour,66.85,67.16,66.85,67.14,222
