date,Iran,Iraq,Nigeria,Libya,Yemen,Saudi Arabia,Venezuela,Russia,TOTAL
2021-01-01,1.0,9.0,9,,13,,4.0,,36.0
2021-01-02,,6.0,15,,31,,3.0,,55.0
2021-01-03,1.0,10.0,13,,22,,2.0,,48.0
2021-01-04,,7.0,12,1.0,20,,2.0,,42.0
2021-01-05,1.0,10.0,9,,17,,8.0,,45.0
2021-01-06,,8.0,13,,22,,6.0,,49.0
2021-01-07,,7.0,4,,13,,8.0,,32.0
2021-01-08,1.0,9.0,8,,17,,9.0,,44.0
2021-01-09,,5.0,13,,18,,10.0,1.0,47.0
2021-01-10,,9.0,12,,18,,2.0,,41.0
2021-01-11,,11.0,5,,17,,3.0,,36.0
2021-01-12,,10.0,10,,16,,7.0,1.0,44.0
2021-01-13,,2.0,13,,12,,3.0,,30.0
2021-01-14,,3.0,13,,23,,9.0,,48.0
2021-01-15,,13.0,16,,18,,6.0,,53.0
2021-01-16,,6.0,11,,20,,5.0,,42.0
2021-01-17,1.0,6.0,15,,21,1.0,5.0,,49.0
2021-01-18,1.0,11.0,12,,16,,12.0,,52.0
2021-01-19,,9.0,4,1.0,19,,7.0,,40.0
2021-01-20,1.0,2.0,8,,20,,14.0,2.0,47.0
2021-01-21,,6.0,13,,18,,5.0,1.0,43.0
2021-01-22,,11.0,17,,25,,6.0,,59.0
2021-01-23,,12.0,10,,11,,7.0,,40.0
2021-01-24,1.0,12.0,16,,16,,11.0,,56.0
2021-01-25,,6.0,11,,15,,12.0,,44.0
2021-01-26,,7.0,8,,20,,3.0,,38.0
2021-01-27,,8.0,8,,14,,1.0,,31.0
2021-01-28,,3.0,14,1.0,22,,12.0,2.0,54.0
2021-01-29,,8.0,8,,16,,6.0,,38.0
2021-01-30,,10.0,10,,17,1.0,5.0,,43.0
2021-01-31,,7.0,3,,26,,4.0,1.0,41.0
2021-02-01,1.0,6.0,12,,12,,6.0,,37.0
2021-02-02,1.0,18.0,11,,16,,2.0,,48.0
2021-02-03,2.0,4.0,15,,17,,5.0,,43.0
2021-02-04,,10.0,12,,14,,5.0,3.0,44.0
2021-02-05,,3.0,10,,15,,5.0,,33.0
2021-02-06,,5.0,14,,16,,1.0,,36.0
2021-02-07,,4.0,10,,27,,8.0,,49.0
2021-02-08,1.0,10.0,12,,14,,5.0,1.0,43.0
2021-02-09,,5.0,13,,29,,4.0,,51.0
2021-02-10,1.0,18.0,16,,23,1.0,3.0,,62.0
2021-02-11,,12.0,11,,27,,4.0,,54.0
2021-02-12,,13.0,9,,32,2.0,4.0,,60.0
2021-02-13,,10.0,7,,30,,3.0,,50.0
2021-02-14,,4.0,10,,21,1.0,3.0,,39.0
2021-02-15,,18.0,9,,22,2.0,7.0,1.0,59.0
2021-02-16,1.0,7.0,15,,25,,10.0,,58.0
2021-02-17,,8.0,14,1.0,25,,,,48.0
2021-02-18,,11.0,9,,27,,2.0,,49.0
2021-02-19,,3.0,10,,31,,1.0,1.0,46.0
2021-02-20,,11.0,6,,26,,1.0,1.0,45.0
2021-02-21,,1.0,9,1.0,28,,2.0,,41.0
2021-02-22,2.0,9.0,7,,24,,2.0,,44.0
2021-02-23,,9.0,11,,17,,3.0,,40.0
2021-02-24,1.0,20.0,13,,32,,3.0,1.0,70.0
2021-02-25,,6.0,13,,26,,3.0,1.0,49.0
2021-02-26,,14.0,10,,26,,5.0,,55.0
2021-02-27,,3.0,11,,26,,3.0,1.0,44.0
2021-02-28,,13.0,8,,23,,6.0,,50.0
2021-03-01,,4.0,17,,23,1.0,1.0,,46.0
2021-03-02,1.0,6.0,20,,34,,1.0,,62.0
2021-03-03,,15.0,7,,33,1.0,5.0,,61.0
2021-03-04,,6.0,11,,25,,1.0,1.0,44.0
2021-03-05,,3.0,7,,34,,5.0,,49.0
2021-03-06,,9.0,10,,29,,4.0,1.0,53.0
2021-03-07,2.0,2.0,8,,36,7.0,1.0,1.0,57.0
2021-03-08,,9.0,11,,34,1.0,3.0,,58.0
2021-03-09,,9.0,12,,22,,5.0,,48.0
2021-03-10,,5.0,7,,35,,1.0,1.0,49.0
2021-03-11,,14.0,11,,41,,5.0,1.0,72.0
2021-03-12,,6.0,7,,22,,5.0,,40.0
2021-03-13,1.0,6.0,8,,31,,3.0,,49.0
2021-03-14,,13.0,14,1.0,34,,,,62.0
2021-03-15,,9.0,10,,26,2.0,3.0,2.0,52.0
2021-03-16,,11.0,11,,33,,5.0,,60.0
2021-03-17,1.0,7.0,12,,24,,3.0,,47.0
2021-03-18,,13.0,8,1.0,32,1.0,1.0,,56.0
2021-03-19,,11.0,11,,33,2.0,5.0,,62.0
2021-03-20,,14.0,11,,23,1.0,5.0,,54.0
2021-03-21,1.0,5.0,7,,39,,4.0,,56.0
2021-03-22,,12.0,5,,15,,8.0,,40.0
2021-03-23,,5.0,9,,26,1.0,6.0,,47.0
2021-03-24,1.0,5.0,10,,29,,3.0,,48.0
2021-03-25,,13.0,5,2.0,21,1.0,6.0,1.0,49.0
2021-03-26,1.0,7.0,9,1.0,19,5.0,4.0,,46.0
2021-03-27,,11.0,6,,19,,7.0,,43.0
2021-03-28,1.0,2.0,13,1.0,25,,7.0,,49.0
2021-03-29,,14.0,15,1.0,22,,4.0,1.0,57.0
2021-03-30,,6.0,7,,23,,2.0,1.0,39.0
2021-03-31,,,17,,27,,7.0,,51.0
2021-04-01,2.0,14.0,10,,28,1.0,5.0,,60.0
2021-04-02,,5.0,9,,42,,3.0,,59.0
2021-04-03,,7.0,8,1.0,19,,3.0,,38.0
2021-04-04,,10.0,6,,24,,4.0,2.0,46.0
2021-04-05,1.0,13.0,11,,21,,2.0,,48.0
2021-04-06,,4.0,11,1.0,29,,4.0,,49.0
2021-04-07,,6.0,16,,20,,5.0,,47.0
2021-04-08,,10.0,13,1.0,18,,2.0,1.0,45.0
2021-04-09,,8.0,8,,23,1.0,2.0,,42.0
2021-04-10,1.0,11.0,13,,33,,2.0,,60.0
2021-04-11,1.0,9.0,9,,21,2.0,2.0,,44.0
2021-04-12,,9.0,14,,22,4.0,7.0,1.0,57.0
2021-04-13,,9.0,11,,15,,2.0,,37.0
2021-04-14,1.0,11.0,12,,27,,4.0,,55.0
2021-04-15,1.0,14.0,10,1.0,35,1.0,3.0,,65.0
2021-04-16,1.0,10.0,20,1.0,29,,5.0,,66.0
2021-04-17,,16.0,12,1.0,14,1.0,,,44.0
2021-04-18,,15.0,5,,17,,4.0,1.0,42.0
2021-04-19,,18.0,8,,15,,4.0,1.0,46.0
2021-04-20,,11.0,6,,22,,5.0,1.0,45.0
2021-04-21,,9.0,16,,19,,5.0,1.0,50.0
2021-04-22,1.0,9.0,8,,22,,8.0,,48.0
2021-04-23,,18.0,6,,11,,4.0,2.0,41.0
2021-04-24,2.0,28.0,11,,14,,4.0,,59.0
2021-04-25,,14.0,17,,23,,3.0,,57.0
2021-04-26,2.0,21.0,19,,23,1.0,5.0,1.0,72.0
2021-04-27,,30.0,10,,19,,1.0,,60.0
2021-04-28,,23.0,5,,22,1.0,9.0,,60.0
2021-04-29,,30.0,7,,23,,4.0,,64.0
2021-04-30,,19.0,13,,19,,1.0,1.0,53.0
2021-05-01,1.0,25.0,9,,14,,4.0,,53.0
2021-05-02,1.0,26.0,6,,14,,5.0,,52.0
2021-05-03,1.0,19.0,10,,21,1.0,9.0,,61.0
2021-05-04,2.0,23.0,8,,18,,7.0,,58.0
2021-05-05,2.0,19.0,12,,14,,5.0,,52.0
2021-05-06,,17.0,7,,15,,6.0,,45.0
2021-05-07,2.0,18.0,14,,13,,4.0,,51.0
2021-05-08,,27.0,9,,20,,3.0,,59.0
2021-05-09,,13.0,8,,23,,2.0,,46.0
2021-05-10,1.0,20.0,10,2.0,16,,2.0,,51.0
2021-05-11,2.0,22.0,10,,12,,5.0,,51.0
2021-05-12,,23.0,5,,14,,4.0,,46.0
2021-05-13,,14.0,10,,29,,2.0,,55.0
2021-05-14,3.0,9.0,12,,11,,6.0,,41.0
2021-05-15,,7.0,10,,8,,4.0,4.0,33.0
2021-05-16,1.0,16.0,7,,12,,4.0,,40.0
2021-05-17,2.0,10.0,11,,12,,2.0,,37.0
2021-05-18,,16.0,10,,18,,6.0,,50.0
2021-05-19,2.0,15.0,10,,16,,7.0,,50.0
2021-05-20,,22.0,11,,16,,5.0,1.0,55.0
2021-05-21,,17.0,9,1.0,7,,4.0,2.0,40.0
2021-05-22,1.0,25.0,10,,25,,5.0,1.0,67.0
2021-05-23,1.0,20.0,14,,13,,3.0,,51.0
2021-05-24,1.0,12.0,10,,18,,7.0,,48.0
2021-05-25,,25.0,12,,19,,5.0,,61.0
2021-05-26,,14.0,14,,15,,5.0,,48.0
2021-05-27,1.0,18.0,6,,7,,4.0,,36.0
2021-05-28,,23.0,21,,6,,5.0,1.0,56.0
2021-05-29,2.0,17.0,10,,16,,2.0,,47.0
2021-05-30,,17.0,9,,24,,6.0,,56.0
2021-05-31,,15.0,17,,17,1.0,2.0,,52.0
2021-06-01,1.0,8.0,3,,22,,7.0,1.0,42.0
2021-06-02,4.0,19.0,10,,14,,5.0,,52.0
2021-06-03,,17.0,11,1.0,12,,7.0,,48.0
2021-06-04,,11.0,3,,16,,9.0,,39.0
2021-06-05,1.0,23.0,10,,21,,3.0,,58.0
2021-06-06,,15.0,15,1.0,18,,1.0,1.0,51.0
2021-06-07,1.0,20.0,14,1.0,15,,4.0,,55.0
2021-06-08,,21.0,17,,9,,7.0,,54.0
2021-06-09,2.0,20.0,9,,13,,6.0,1.0,51.0
2021-06-10,,15.0,14,1.0,22,,5.0,,57.0
2021-06-11,,14.0,5,1.0,17,,2.0,1.0,40.0
2021-06-12,1.0,19.0,7,1.0,10,,4.0,1.0,43.0
2021-06-13,,19.0,11,,22,2.0,5.0,1.0,60.0
2021-06-14,,19.0,14,1.0,21,1.0,5.0,,61.0
2021-06-15,2.0,25.0,14,1.0,8,,5.0,,55.0
2021-06-16,2.0,18.0,3,1.0,14,,8.0,,46.0
2021-06-17,,15.0,11,,8,1.0,3.0,,38.0
2021-06-18,,13.0,7,,14,,1.0,,35.0
2021-06-19,1.0,19.0,9,1.0,29,,2.0,,61.0
2021-06-20,,10.0,10,,19,1.0,3.0,,43.0
2021-06-21,,17.0,6,,18,,6.0,,47.0
2021-06-22,,21.0,4,1.0,21,,2.0,,49.0
2021-06-23,3.0,10.0,8,,17,,4.0,3.0,45.0
2021-06-24,2.0,16.0,8,,13,,3.0,,42.0
2021-06-25,1.0,17.0,11,,12,,5.0,,46.0
2021-06-26,,15.0,7,3.0,20,,1.0,,46.0
2021-06-27,1.0,23.0,18,,29,1.0,5.0,,77.0
2021-06-28,,12.0,4,,15,,4.0,,35.0
2021-06-29,1.0,4.0,15,,9,,4.0,,33.0
2021-06-30,,20.0,8,,16,,7.0,1.0,52.0
2021-07-01,,13.0,8,2.0,13,,5.0,3.0,44.0
2021-07-02,2.0,18.0,10,,21,,1.0,,52.0
2021-07-03,,10.0,12,1.0,19,,3.0,,45.0
2021-07-04,1.0,23.0,11,,26,,3.0,1.0,65.0
2021-07-05,,25.0,14,,16,,5.0,,60.0
2021-07-06,1.0,26.0,8,,23,,2.0,,60.0
2021-07-07,1.0,18.0,18,,28,,3.0,,68.0
2021-07-08,1.0,15.0,13,1.0,23,,5.0,1.0,59.0
2021-07-09,,11.0,7,1.0,28,,4.0,,51.0
2021-07-10,,14.0,11,1.0,21,,5.0,,52.0
2021-07-11,,22.0,11,1.0,30,,4.0,1.0,69.0
2021-07-12,2.0,15.0,11,1.0,17,,9.0,2.0,57.0
2021-07-13,1.0,18.0,9,,20,,7.0,,55.0
2021-07-14,2.0,6.0,13,1.0,18,,6.0,,46.0
2021-07-15,,21.0,5,,11,,3.0,2.0,42.0
2021-07-16,1.0,14.0,12,1.0,14,,6.0,,48.0
2021-07-17,1.0,17.0,10,,14,,9.0,2.0,53.0
2021-07-18,,16.0,8,,8,,2.0,,34.0
2021-07-19,,12.0,9,,14,,2.0,,37.0
2021-07-20,,8.0,5,,23,,4.0,1.0,41.0
2021-07-21,,14.0,7,,16,,6.0,,43.0
2021-07-22,,10.0,7,1.0,21,,8.0,,47.0
2021-07-23,1.0,9.0,8,,16,,4.0,1.0,39.0
2021-07-24,3.0,16.0,6,,19,,2.0,1.0,47.0
2021-07-25,2.0,5.0,7,,18,,5.0,,37.0
2021-07-26,,16.0,6,,19,,5.0,1.0,47.0
2021-07-27,2.0,16.0,9,2.0,28,,10.0,,67.0
2021-07-28,,11.0,8,1.0,21,,4.0,1.0,46.0
2021-07-29,,21.0,5,1.0,15,,3.0,2.0,47.0
2021-07-30,1.0,18.0,7,1.0,20,1.0,3.0,,51.0
2021-07-31,1.0,17.0,15,,19,,4.0,,56.0
2021-08-01,1.0,21.0,11,,15,,1.0,1.0,50.0
2021-08-02,,14.0,12,2.0,18,,1.0,,47.0
2021-08-03,,19.0,14,1.0,18,,7.0,1.0,60.0
2021-08-04,,29.0,12,1.0,15,,4.0,,61.0
2021-08-05,,21.0,7,1.0,10,,8.0,,47.0
2021-08-06,1.0,12.0,7,2.0,17,,1.0,,40.0
2021-08-07,1.0,23.0,17,,11,,4.0,1.0,57.0
2021-08-08,1.0,21.0,9,,13,,6.0,1.0,51.0
2021-08-09,,16.0,13,,18,,2.0,2.0,51.0
2021-08-10,1.0,21.0,6,1.0,15,,3.0,1.0,48.0
2021-08-11,1.0,17.0,3,,21,,3.0,2.0,47.0
2021-08-12,,27.0,7,,18,,4.0,,56.0
2021-08-13,,15.0,6,,19,,2.0,1.0,43.0
2021-08-14,,14.0,14,,15,,2.0,,45.0
2021-08-15,,15.0,5,,18,,3.0,,41.0
2021-08-16,1.0,22.0,15,,20,,1.0,,59.0
2021-08-17,1.0,29.0,15,,22,,8.0,,75.0
2021-08-18,1.0,20.0,6,,17,,3.0,1.0,48.0
2021-08-19,,15.0,9,,23,,4.0,,51.0
2021-08-20,1.0,20.0,8,2.0,14,,5.0,2.0,52.0
2021-08-21,1.0,13.0,9,,19,,4.0,1.0,47.0
2021-08-22,1.0,11.0,6,1.0,12,,3.0,,34.0
2021-08-23,,22.0,12,,15,,2.0,,51.0
2021-08-24,,37.0,7,,10,,3.0,,57.0
2021-08-25,,15.0,9,,15,,3.0,,42.0
2021-08-26,2.0,12.0,15,1.0,19,,4.0,,53.0
2021-08-27,1.0,21.0,5,1.0,19,,4.0,2.0,53.0
2021-08-28,1.0,15.0,6,,19,,3.0,1.0,45.0
2021-08-29,,14.0,13,,16,,,,43.0
2021-08-30,,23.0,10,,16,,2.0,1.0,52.0
2021-08-31,1.0,20.0,7,1.0,35,1.0,3.0,,68.0
2021-09-01,,12.0,9,1.0,18,,7.0,,47.0
2021-09-02,,23.0,10,,21,,8.0,1.0,63.0
2021-09-03,,14.0,7,2.0,16,,3.0,,42.0
2021-09-04,1.0,17.0,14,,23,1.0,6.0,,62.0
2021-09-05,1.0,14.0,7,2.0,13,,3.0,,40.0
2021-09-06,1.0,16.0,8,1.0,13,,4.0,,43.0
2021-09-07,,16.0,11,,8,,5.0,,40.0
2021-09-08,,12.0,11,,22,,7.0,,52.0
2021-09-09,,20.0,7,,13,,6.0,,46.0
2021-09-10,2.0,23.0,4,,9,,6.0,1.0,45.0
2021-09-11,1.0,22.0,8,,14,,5.0,,50.0
2021-09-12,1.0,19.0,5,1.0,16,,3.0,1.0,46.0
2021-09-13,,24.0,8,1.0,16,1.0,6.0,1.0,57.0
2021-09-14,,21.0,10,1.0,17,,3.0,,52.0
2021-09-15,1.0,30.0,8,2.0,31,,5.0,,77.0
2021-09-16,1.0,19.0,7,,20,,,1.0,48.0
2021-09-17,1.0,15.0,9,,13,,1.0,2.0,41.0
2021-09-18,,7.0,8,,22,,2.0,2.0,41.0
2021-09-19,1.0,8.0,12,,15,,1.0,3.0,40.0
2021-09-20,2.0,14.0,10,,20,,2.0,3.0,51.0
2021-09-21,,11.0,5,,44,,4.0,,64.0
2021-09-22,1.0,21.0,4,,21,,3.0,1.0,51.0
2021-09-23,,18.0,6,,24,,3.0,,51.0
2021-09-24,,12.0,8,,12,,4.0,,36.0
2021-09-25,1.0,18.0,2,,17,,3.0,1.0,42.0
2021-09-26,,13.0,13,2.0,20,,4.0,1.0,53.0
2021-09-27,2.0,14.0,15,,22,,2.0,,55.0
2021-09-28,,26.0,15,,19,,2.0,,62.0
2021-09-29,2.0,16.0,5,,19,,7.0,1.0,50.0
2021-09-30,,14.0,9,,18,,2.0,,43.0
2021-10-01,,13.0,12,1.0,24,1.0,3.0,,54.0
2021-10-02,,17.0,7,,25,,1.0,1.0,51.0
2021-10-03,,25.0,7,1.0,15,,3.0,1.0,52.0
2021-10-04,,18.0,6,,15,,1.0,3.0,43.0
2021-10-05,1.0,21.0,7,,17,,2.0,,48.0
2021-10-06,,17.0,9,,29,1.0,3.0,,59.0
2021-10-07,,12.0,12,,20,,2.0,,46.0
2021-10-08,1.0,15.0,6,1.0,11,1.0,1.0,,36.0
2021-10-09,,14.0,5,,19,,3.0,,41.0
2021-10-10,,14.0,8,,20,,,,42.0
2021-10-11,,9.0,9,1.0,25,,3.0,2.0,49.0
2021-10-12,1.0,10.0,9,,21,,2.0,,43.0
2021-10-13,1.0,10.0,8,2.0,21,,2.0,,44.0
2021-10-14,1.0,16.0,8,,15,,2.0,,42.0
2021-10-15,,20.0,7,,14,,4.0,3.0,48.0
2021-10-16,,12.0,14,,22,,,,48.0
2021-10-17,2.0,11.0,12,1.0,18,,4.0,2.0,50.0
2021-10-18,,6.0,9,,12,,2.0,,29.0
2021-10-19,1.0,11.0,9,,24,,3.0,,48.0
2021-10-20,,13.0,10,,23,1.0,3.0,,50.0
2021-10-21,1.0,11.0,8,,20,,5.0,,45.0
2021-10-22,,7.0,5,,19,,4.0,1.0,36.0
2021-10-23,,16.0,2,,27,,2.0,,47.0
2021-10-24,,10.0,12,1.0,24,,4.0,1.0,52.0
2021-10-25,,18.0,19,1.0,20,,1.0,1.0,60.0
2021-10-26,2.0,16.0,6,2.0,21,,1.0,,48.0
2021-10-27,,12.0,4,2.0,19,,3.0,1.0,41.0
2021-10-28,1.0,10.0,11,,25,,3.0,,50.0
2021-10-29,,6.0,15,,21,,4.0,,46.0
2021-10-30,2.0,15.0,7,,13,,1.0,1.0,39.0
2021-10-31,,15.0,7,,21,,3.0,,46.0
2021-11-01,,11.0,8,,24,,4.0,,47.0
2021-11-02,2.0,8.0,12,,26,1.0,4.0,,53.0
2021-11-03,,11.0,12,,14,,3.0,,40.0
2021-11-04,1.0,14.0,12,,24,,2.0,,53.0
2021-11-05,,8.0,6,,16,,1.0,,31.0
2021-11-06,2.0,7.0,10,,19,,1.0,,39.0
2021-11-07,1.0,16.0,1,,20,,2.0,1.0,41.0
2021-11-08,,10.0,8,,21,,2.0,,41.0
2021-11-09,,8.0,14,,24,,1.0,,47.0
2021-11-10,2.0,4.0,18,,23,,3.0,1.0,51.0
2021-11-11,,3.0,5,,22,,2.0,,32.0
2021-11-12,,5.0,5,,25,,2.0,1.0,38.0
2021-11-13,,15.0,4,,19,,4.0,,42.0
2021-11-14,,18.0,8,,19,,6.0,,51.0
2021-11-15,1.0,6.0,10,,18,,4.0,2.0,41.0
2021-11-16,,7.0,10,,22,,2.0,,41.0
2021-11-17,2.0,7.0,10,,18,,2.0,1.0,40.0
2021-11-18,1.0,5.0,6,,35,,1.0,,48.0
2021-11-19,,9.0,10,,23,,2.0,,44.0
2021-11-20,,11.0,12,1.0,23,7.0,,,54.0
2021-11-21,,2.0,8,,32,,9.0,,51.0
2021-11-22,,13.0,9,1.0,25,,1.0,1.0,50.0
2021-11-23,,5.0,4,,27,,3.0,,39.0
2021-11-24,,12.0,11,,18,,,4.0,45.0
2021-11-25,,14.0,5,1.0,15,,1.0,,36.0
2021-11-26,,7.0,6,,19,,4.0,5.0,41.0
2021-11-27,1.0,11.0,1,,23,,2.0,,38.0
2021-11-28,,11.0,15,3.0,27,,3.0,,59.0
2021-11-29,,12.0,13,,11,,1.0,1.0,38.0
2021-11-30,,7.0,6,1.0,25,,3.0,,42.0
2021-12-01,1.0,11.0,9,2.0,17,,4.0,,44.0
2021-12-02,,9.0,3,,25,,3.0,,40.0
2021-12-03,,18.0,7,,27,,2.0,1.0,55.0
2021-12-04,,13.0,14,,18,,,,45.0
2021-12-05,,21.0,7,,25,,6.0,,59.0
2021-12-06,,13.0,9,,29,,1.0,,52.0
2021-12-07,,22.0,8,,22,8.0,3.0,1.0,64.0
2021-12-08,,6.0,11,,21,,5.0,,43.0
2021-12-09,,17.0,8,,29,,2.0,,56.0
2021-12-10,,9.0,9,,22,,5.0,,45.0
2021-12-11,,16.0,11,,22,,2.0,,51.0
2021-12-12,,16.0,9,,16,,2.0,,43.0
2021-12-13,,10.0,7,,16,,,,33.0
2021-12-14,,6.0,6,1.0,14,,,,27.0
2021-12-15,,9.0,11,,45,2.0,6.0,2.0,75.0
2021-12-16,1.0,14.0,6,,16,,7.0,,44.0
2021-12-17,,13.0,7,2.0,22,,1.0,,45.0
2021-12-18,1.0,15.0,11,2.0,14,,6.0,,49.0
2021-12-19,,9.0,13,,24,,5.0,,51.0
2021-12-20,1.0,6.0,4,,19,,4.0,,34.0
2021-12-21,,5.0,8,,23,,7.0,,43.0
2021-12-22,1.0,11.0,8,,16,,2.0,,38.0
2021-12-23,,10.0,12,,22,,1.0,,45.0
2021-12-24,,7.0,9,1.0,24,2.0,2.0,,45.0
2021-12-25,2.0,6.0,7,,20,1.0,2.0,,38.0
2021-12-26,,16.0,3,,16,,1.0,,36.0
2021-12-27,,16.0,5,,18,,2.0,1.0,42.0
2021-12-28,2.0,7.0,6,,18,,2.0,1.0,36.0
2021-12-29,,14.0,11,,18,,,,43.0
2021-12-30,2.0,5.0,4,,20,1.0,5.0,,37.0
2021-12-31,,10.0,8,,16,,3.0,,37.0
2022-01-01,2.0,11.0,10,1.0,26,,6.0,2.0,58.0
2022-01-02,1.0,10.0,10,1.0,26,,5.0,,53.0
2022-01-03,,4.0,12,,26,,6.0,,48.0
2022-01-04,,14.0,10,1.0,21,,3.0,,49.0
2022-01-05,,11.0,14,1.0,27,,6.0,,59.0
2022-01-06,,12.0,10,1.0,20,,6.0,,49.0
2022-01-07,,6.0,10,,17,,1.0,1.0,35.0
2022-01-08,,7.0,6,,24,,3.0,,40.0
2022-01-09,,17.0,15,,37,,6.0,,75.0
2022-01-10,1.0,9.0,22,,24,,4.0,,60.0
2022-01-11,1.0,12.0,7,1.0,36,,4.0,,61.0
2022-01-12,,11.0,9,1.0,21,,5.0,,47.0
2022-01-13,,15.0,13,1.0,31,,5.0,,65.0
2022-01-14,,11.0,12,,24,,3.0,,50.0
2022-01-15,,13.0,10,,31,,2.0,2.0,58.0
2022-01-16,,10.0,14,1.0,30,,6.0,,61.0
2022-01-17,1.0,5.0,12,1.0,27,,4.0,,50.0
2022-01-18,1.0,6.0,16,,30,,9.0,,62.0
2022-01-19,2.0,3.0,8,,29,,3.0,,45.0
2022-01-20,,1.0,14,,32,,6.0,3.0,56.0
2022-01-21,1.0,10.0,4,,27,,1.0,,43.0
2022-01-22,3.0,9.0,9,,16,,4.0,,41.0
2022-01-23,2.0,8.0,15,,19,1.0,1.0,1.0,47.0
2022-01-24,1.0,9.0,5,1.0,24,4.0,7.0,,51.0
2022-01-25,,13.0,10,,45,,3.0,,71.0
2022-01-26,,8.0,10,1.0,33,,3.0,2.0,57.0
2022-01-27,,11.0,9,1.0,22,,3.0,1.0,47.0
2022-01-28,1.0,8.0,11,1.0,17,,5.0,,43.0
2022-01-29,,16.0,17,,19,,2.0,,54.0
2022-01-30,,4.0,14,,26,,2.0,,46.0
2022-01-31,1.0,7.0,14,,28,,5.0,,55.0
2022-02-01,,15.0,13,,25,,3.0,,56.0
2022-02-02,,11.0,15,,31,,3.0,,60.0
2022-02-03,1.0,9.0,17,,20,,5.0,,52.0
2022-02-04,,6.0,9,1.0,20,,4.0,,40.0
2022-02-05,3.0,16.0,16,,29,,4.0,1.0,69.0
2022-02-06,1.0,6.0,10,,21,,4.0,,42.0
2022-02-07,,4.0,9,,30,,4.0,1.0,48.0
2022-02-08,,16.0,12,,19,,4.0,,51.0
2022-02-09,,12.0,17,1.0,28,,2.0,1.0,61.0
2022-02-10,,8.0,9,1.0,18,1.0,7.0,1.0,45.0
2022-02-11,,10.0,10,,19,,2.0,,41.0
2022-02-12,,14.0,14,1.0,18,,5.0,3.0,55.0
2022-02-13,,12.0,19,,13,,2.0,1.0,47.0
2022-02-14,1.0,8.0,11,,25,,4.0,,49.0
2022-02-15,2.0,15.0,11,,24,,3.0,,55.0
2022-02-16,,4.0,11,1.0,25,,1.0,1.0,43.0
2022-02-17,,11.0,11,,20,,4.0,,46.0
2022-02-18,,5.0,9,,8,,2.0,1.0,25.0
2022-02-19,,13.0,10,1.0,18,,1.0,,43.0
2022-02-20,,4.0,11,,19,,5.0,3.0,42.0
2022-02-21,,3.0,9,,21,1.0,3.0,,37.0
2022-02-22,,6.0,18,1.0,13,,4.0,,42.0
2022-02-23,,5.0,8,,18,,4.0,,35.0
2022-02-24,,8.0,8,,11,,3.0,,30.0
2022-02-25,3.0,5.0,9,,31,,2.0,,50.0
2022-02-26,,5.0,10,,23,,3.0,1.0,42.0
2022-02-27,,4.0,17,,19,,2.0,,42.0
2022-02-28,,7.0,7,1.0,15,,,,30.0
2022-03-01,,9.0,8,,15,,1.0,1.0,34.0
2022-03-02,,8.0,7,,23,,,1.0,39.0
2022-03-03,,6.0,16,1.0,22,,2.0,1.0,48.0
2022-03-04,1.0,4.0,10,,27,,2.0,,44.0
2022-03-05,,7.0,10,,17,,3.0,2.0,39.0
2022-03-06,,6.0,6,1.0,10,,4.0,2.0,29.0
2022-03-07,,8.0,8,,18,,7.0,1.0,42.0
2022-03-08,,12.0,15,,16,,1.0,,44.0
2022-03-09,1.0,7.0,15,,18,,3.0,,44.0
2022-03-10,1.0,11.0,4,,21,,2.0,,39.0
2022-03-11,,8.0,14,,17,3.0,4.0,,46.0
2022-03-12,,7.0,12,,13,,2.0,,34.0
2022-03-13,1.0,8.0,5,,23,,1.0,2.0,40.0
2022-03-14,1.0,9.0,9,,25,,2.0,1.0,47.0
2022-03-15,,7.0,16,,24,,4.0,3.0,54.0
2022-03-16,,11.0,7,,17,,2.0,,37.0
2022-03-17,1.0,4.0,11,,14,,2.0,2.0,34.0
2022-03-18,1.0,,7,,9,,,,17.0
2022-03-19,2.0,8.0,12,,10,10.0,4.0,,46.0
2022-03-20,1.0,9.0,9,,8,2.0,8.0,,37.0
2022-03-21,,9.0,5,,10,,3.0,,27.0
2022-03-22,1.0,9.0,10,,15,,8.0,,43.0
2022-03-23,,6.0,11,1.0,7,,6.0,1.0,32.0
2022-03-24,,12.0,5,1.0,13,,1.0,,32.0
2022-03-25,5.0,5.0,13,,6,10.0,9.0,,48.0
2022-03-26,,7.0,14,,25,,3.0,1.0,50.0
2022-03-27,,12.0,6,,16,,5.0,,39.0
2022-03-28,,10.0,14,,34,,3.0,1.0,62.0
2022-03-29,,14.0,22,,35,,4.0,,75.0
2022-03-30,1.0,8.0,16,1.0,31,,2.0,,59.0
2022-03-31,1.0,8.0,16,,21,,1.0,1.0,48.0
2022-04-01,,7.0,14,,8,,,3.0,32.0
2022-04-02,,7.0,4,,18,,2.0,1.0,32.0
2022-04-03,,7.0,13,1.0,31,,1.0,,53.0
2022-04-04,,8.0,8,1.0,19,,3.0,,39.0
2022-04-05,,8.0,5,,12,,1.0,,26.0
2022-04-06,2.0,17.0,6,2.0,18,,1.0,1.0,47.0
2022-04-07,1.0,9.0,12,,14,,6.0,1.0,43.0
2022-04-08,,10.0,4,,12,,5.0,2.0,33.0
2022-04-09,1.0,18.0,11,,15,,4.0,,49.0
2022-04-10,,10.0,19,,12,,3.0,,44.0
2022-04-11,1.0,13.0,25,,15,,2.0,1.0,57.0
2022-04-12,,2.0,6,,20,,1.0,,29.0
2022-04-13,,13.0,10,,22,,1.0,2.0,48.0
2022-04-14,,15.0,16,,12,,2.0,4.0,49.0
2022-04-15,,20.0,7,1.0,19,,1.0,3.0,51.0
2022-04-16,1.0,16.0,10,,16,,,,43.0
2022-04-17,,21.0,3,,13,1.0,1.0,,39.0
2022-04-18,1.0,27.0,4,1.0,11,,4.0,1.0,49.0
2022-04-19,,32.0,23,1.0,17,,,1.0,74.0
2022-04-20,1.0,35.0,19,1.0,12,,1.0,2.0,71.0
2022-04-21,,24.0,9,,11,,4.0,,48.0
2022-04-22,,22.0,9,1.0,19,,3.0,,54.0
2022-04-23,1.0,31.0,7,1.0,15,,7.0,1.0,63.0
2022-04-24,1.0,29.0,9,,17,,2.0,1.0,59.0
2022-04-25,,23.0,12,1.0,17,,1.0,2.0,56.0
2022-04-26,1.0,30.0,7,2.0,24,,3.0,,67.0
2022-04-27,1.0,23.0,10,,12,,4.0,1.0,51.0
2022-04-28,1.0,18.0,13,,16,,1.0,,49.0
2022-04-29,,21.0,10,,14,,5.0,3.0,53.0
2022-04-30,,24.0,11,,18,,1.0,2.0,56.0
2022-05-01,1.0,25.0,8,,12,,5.0,,51.0
2022-05-02,,33.0,7,1.0,19,,3.0,1.0,64.0
2022-05-03,,18.0,7,,15,,,2.0,42.0
2022-05-04,,19.0,6,,13,,3.0,,41.0
2022-05-05,1.0,24.0,6,,21,,3.0,2.0,57.0
2022-05-06,,22.0,5,,18,,1.0,,46.0
2022-05-07,1.0,23.0,4,,22,,1.0,1.0,52.0
2022-05-08,,22.0,3,,21,,,,46.0
2022-05-09,,14.0,8,,30,,1.0,1.0,54.0
2022-05-10,,23.0,8,,16,,2.0,,49.0
2022-05-11,,33.0,11,,18,,4.0,1.0,67.0
2022-05-12,,32.0,5,1.0,17,,2.0,,57.0
2022-05-13,,22.0,8,,24,,2.0,1.0,57.0
2022-05-14,,21.0,5,2.0,15,,1.0,,44.0
2022-05-15,1.0,26.0,21,1.0,30,,3.0,4.0,86.0
2022-05-16,,22.0,13,,16,,2.0,,53.0
2022-05-17,,22.0,11,3.0,16,,3.0,3.0,58.0
2022-05-18,,24.0,10,,18,,2.0,3.0,57.0
2022-05-19,1.0,24.0,2,,13,,2.0,4.0,46.0
2022-05-20,1.0,18.0,7,,16,,1.0,,43.0
2022-05-21,,19.0,10,,22,,1.0,1.0,53.0
2022-05-22,1.0,15.0,22,,25,,1.0,,64.0
2022-05-23,1.0,31.0,7,,24,,2.0,,65.0
2022-05-24,,20.0,12,,20,,2.0,1.0,55.0
2022-05-25,1.0,27.0,8,1.0,20,,3.0,3.0,63.0
2022-05-26,,24.0,9,,20,,1.0,2.0,56.0
2022-05-27,1.0,18.0,11,,17,,3.0,1.0,51.0
2022-05-28,2.0,20.0,5,2.0,14,,3.0,2.0,48.0
2022-05-29,,20.0,7,,30,,3.0,1.0,61.0
2022-05-30,,21.0,14,1.0,7,,2.0,1.0,46.0
2022-05-31,1.0,24.0,10,,21,,1.0,2.0,59.0
2022-06-01,,26.0,8,4.0,24,,1.0,,63.0
2022-06-02,2.0,9.0,9,,19,,2.0,,41.0
2022-06-03,1.0,24.0,8,,5,,3.0,1.0,42.0
2022-06-04,,24.0,13,,27,,2.0,1.0,67.0
2022-06-05,,23.0,11,,23,,1.0,,58.0
2022-06-06,2.0,21.0,13,,19,,1.0,1.0,57.0
2022-06-07,,17.0,10,4.0,27,,2.0,,60.0
2022-06-08,,19.0,4,,27,1.0,1.0,,52.0
2022-06-09,,22.0,7,1.0,20,,2.0,1.0,53.0
2022-06-10,,19.0,8,1.0,24,,2.0,1.0,55.0
2022-06-11,,22.0,6,,19,,2.0,1.0,50.0
2022-06-12,2.0,23.0,11,1.0,19,,,,56.0
2022-06-13,,19.0,9,,23,,,,51.0
2022-06-14,,19.0,15,,17,,1.0,2.0,54.0
2022-06-15,1.0,25.0,12,,22,,3.0,2.0,65.0
2022-06-16,,27.0,8,,19,,3.0,1.0,58.0
2022-06-17,1.0,30.0,9,,14,,1.0,2.0,57.0
2022-06-18,,16.0,13,2.0,17,,,,48.0
2022-06-19,1.0,18.0,12,,23,,1.0,1.0,56.0
2022-06-20,,14.0,10,,29,,2.0,2.0,57.0
2022-06-21,,18.0,8,,17,,3.0,,46.0
2022-06-22,1.0,19.0,10,2.0,11,,1.0,2.0,46.0
2022-06-23,,16.0,10,,18,1.0,2.0,,47.0
2022-06-24,,24.0,8,1.0,21,,2.0,,56.0
2022-06-25,,20.0,15,,22,,2.0,,59.0
2022-06-26,,14.0,8,,23,,,,45.0
2022-06-27,,16.0,11,1.0,16,,2.0,,46.0
2022-06-28,2.0,18.0,15,1.0,16,,,,52.0
2022-06-29,,16.0,9,,24,,2.0,,51.0
2022-06-30,1.0,23.0,9,,23,,1.0,,57.0
2022-07-01,3.0,20.0,4,,10,,,2.0,39.0
2022-07-02,,21.0,8,,20,,2.0,,51.0
2022-07-03,,22.0,12,,23,,1.0,1.0,59.0
2022-07-04,,27.0,13,,24,,3.0,2.0,69.0
2022-07-05,,35.0,15,,14,,1.0,7.0,72.0
2022-07-06,1.0,29.0,12,,19,,1.0,1.0,63.0
2022-07-07,2.0,24.0,5,,9,,3.0,,43.0
2022-07-08,,20.0,3,,18,,,3.0,44.0
2022-07-09,1.0,23.0,6,,17,,3.0,1.0,51.0
2022-07-10,,20.0,9,,23,,3.0,,55.0
2022-07-11,2.0,16.0,8,,21,,2.0,1.0,50.0
2022-07-12,,18.0,5,,23,,3.0,1.0,50.0
2022-07-13,2.0,16.0,8,,11,,3.0,,40.0
2022-07-14,,16.0,5,1.0,15,,2.0,3.0,42.0
2022-07-15,2.0,19.0,14,,28,,4.0,2.0,69.0
2022-07-16,,13.0,8,,29,,3.0,2.0,55.0
2022-07-17,,19.0,16,,9,,3.0,2.0,49.0
2022-07-18,1.0,23.0,15,1.0,28,,2.0,,70.0
2022-07-19,1.0,21.0,8,,22,,9.0,2.0,63.0
2022-07-20,1.0,19.0,7,,22,,6.0,4.0,59.0
2022-07-21,1.0,14.0,8,2.0,30,,3.0,,58.0
2022-07-22,,19.0,12,3.0,22,,1.0,,57.0
2022-07-23,,21.0,7,1.0,31,,,,60.0
2022-07-24,,21.0,12,1.0,17,,,1.0,52.0
2022-07-25,1.0,16.0,15,,20,,3.0,3.0,58.0
2022-07-26,,20.0,6,1.0,20,,3.0,1.0,51.0
2022-07-27,1.0,19.0,8,,16,,,3.0,47.0
2022-07-28,1.0,20.0,8,,19,,1.0,,49.0
2022-07-29,,12.0,13,,13,,2.0,3.0,43.0
2022-07-30,1.0,25.0,11,,16,,,2.0,55.0
2022-07-31,1.0,13.0,12,,14,,2.0,2.0,44.0
2022-08-01,,16.0,5,,21,,2.0,1.0,45.0
2022-08-02,,19.0,10,,19,,2.0,3.0,53.0
2022-08-03,,21.0,13,,22,,3.0,,59.0
2022-08-04,1.0,12.0,10,1.0,19,,2.0,1.0,46.0
2022-08-05,,20.0,14,,16,,,1.0,51.0
2022-08-06,,18.0,8,1.0,21,,,2.0,50.0
2022-08-07,,14.0,11,,18,,2.0,1.0,46.0
2022-08-08,1.0,16.0,13,,20,,2.0,,52.0
2022-08-09,,21.0,11,,27,,2.0,,61.0
2022-08-10,2.0,13.0,7,,32,1.0,2.0,2.0,59.0
2022-08-11,1.0,23.0,10,,21,,2.0,3.0,60.0
2022-08-12,,16.0,6,1.0,20,,1.0,1.0,45.0
2022-08-13,,19.0,14,,19,,1.0,1.0,54.0
2022-08-14,1.0,17.0,9,,22,,2.0,,51.0
2022-08-15,1.0,32.0,11,1.0,20,,1.0,2.0,68.0
2022-08-16,1.0,16.0,10,,21,,1.0,2.0,51.0
2022-08-17,,13.0,9,,29,,1.0,1.0,53.0
2022-08-18,,18.0,3,,20,,2.0,3.0,46.0
2022-08-19,,22.0,8,1.0,19,,3.0,,53.0
2022-08-20,,18.0,12,,28,,2.0,2.0,62.0
2022-08-21,,10.0,12,1.0,25,,2.0,2.0,52.0
2022-08-22,,20.0,8,1.0,17,,2.0,1.0,49.0
2022-08-23,2.0,21.0,2,1.0,17,,3.0,,46.0
2022-08-24,,21.0,10,,22,,,2.0,55.0
2022-08-25,1.0,22.0,9,,15,,,1.0,48.0
2022-08-26,,28.0,5,,13,,1.0,1.0,48.0
2022-08-27,1.0,26.0,8,2.0,34,,1.0,,72.0
2022-08-28,,21.0,5,,21,,,,47.0
2022-08-29,,23.0,14,,26,,,,63.0
2022-08-30,1.0,21.0,12,,28,1.0,2.0,2.0,67.0
2022-08-31,,23.0,7,,23,,4.0,2.0,59.0
2022-09-01,1.0,16.0,8,,22,,3.0,2.0,52.0
2022-09-02,,21.0,5,1.0,14,,1.0,,42.0
2022-09-03,,19.0,13,,22,,2.0,3.0,59.0
2022-09-04,,22.0,9,,34,,3.0,1.0,69.0
2022-09-05,,26.0,10,,20,,1.0,1.0,58.0
2022-09-06,,14.0,10,,19,,3.0,1.0,47.0
2022-09-07,,19.0,13,2.0,26,,4.0,1.0,65.0
2022-09-08,1.0,15.0,5,,25,1.0,3.0,1.0,51.0
2022-09-09,,11.0,12,,28,,11.0,2.0,64.0
2022-09-10,,15.0,10,,33,,7.0,,65.0
2022-09-11,,10.0,12,,28,,7.0,,57.0
2022-09-12,1.0,15.0,2,,34,,6.0,3.0,61.0
2022-09-13,2.0,17.0,7,,16,,2.0,3.0,47.0
2022-09-14,1.0,16.0,9,,26,,,2.0,54.0
2022-09-15,,20.0,10,,27,,1.0,2.0,60.0
2022-09-16,,21.0,7,,23,,6.0,1.0,58.0
2022-09-17,1.0,13.0,13,,22,,1.0,2.0,52.0
2022-09-18,,15.0,8,,30,,3.0,,56.0
2022-09-19,,26.0,6,2.0,23,,2.0,1.0,60.0
2022-09-20,1.0,28.0,6,,27,,2.0,2.0,66.0
2022-09-21,,21.0,14,,25,,1.0,,61.0
2022-09-22,1.0,15.0,9,,23,,,3.0,51.0
2022-09-23,,22.0,7,1.0,25,,,1.0,56.0
2022-09-24,1.0,27.0,9,,21,,1.0,1.0,60.0
2022-09-25,,18.0,9,1.0,23,,1.0,1.0,53.0
2022-09-26,1.0,20.0,10,,26,,3.0,5.0,65.0
2022-09-27,,28.0,13,,22,,3.0,1.0,67.0
2022-09-28,1.0,26.0,18,,25,,4.0,1.0,75.0
2022-09-29,1.0,28.0,7,,25,,3.0,1.0,65.0
2022-09-30,1.0,26.0,6,,22,,1.0,3.0,59.0
2022-10-01,,24.0,5,1.0,19,,1.0,1.0,51.0
2022-10-02,,17.0,5,,37,,1.0,,60.0
2022-10-03,,14.0,7,,9,,3.0,1.0,34.0
2022-10-04,,23.0,9,,11,,,,43.0
2022-10-05,,29.0,13,,9,,2.0,1.0,54.0
2022-10-06,,27.0,8,,11,,2.0,3.0,51.0
2022-10-07,,25.0,7,1.0,20,,2.0,6.0,61.0
2022-10-08,1.0,16.0,14,,18,,1.0,7.0,57.0
2022-10-09,1.0,14.0,10,,7,,1.0,1.0,34.0
2022-10-10,,18.0,9,,10,,2.0,4.0,43.0
2022-10-11,1.0,14.0,9,,12,,3.0,1.0,40.0
2022-10-12,1.0,22.0,12,,10,,2.0,,47.0
2022-10-13,1.0,14.0,7,1.0,13,,2.0,6.0,44.0
2022-10-14,3.0,16.0,9,,10,,1.0,3.0,42.0
2022-10-15,4.0,14.0,14,,16,,3.0,3.0,54.0
2022-10-16,,14.0,4,,10,,3.0,3.0,34.0
2022-10-17,4.0,11.0,10,,15,,,2.0,42.0
2022-10-18,,19.0,8,,19,,1.0,8.0,55.0
2022-10-19,,20.0,12,,13,,1.0,2.0,48.0
2022-10-20,,12.0,8,1.0,12,1.0,3.0,1.0,38.0
2022-10-21,2.0,12.0,15,,6,,2.0,2.0,39.0
2022-10-22,,15.0,12,,8,,,1.0,36.0
2022-10-23,2.0,13.0,8,,7,,2.0,1.0,33.0
2022-10-24,,20.0,10,,12,1.0,3.0,,46.0
2022-10-25,4.0,19.0,5,,5,,2.0,4.0,39.0
2022-10-26,2.0,12.0,4,,5,,1.0,1.0,25.0
2022-10-27,4.0,21.0,8,1.0,12,,1.0,,47.0
2022-10-28,1.0,25.0,13,,7,,3.0,1.0,50.0
2022-10-29,2.0,15.0,13,,11,,3.0,2.0,46.0
2022-10-30,2.0,15.0,16,,11,,1.0,1.0,46.0
2022-10-31,3.0,9.0,9,1.0,7,,4.0,3.0,36.0
2022-11-01,,14.0,16,1.0,9,,2.0,2.0,44.0
2022-11-02,,19.0,11,,22,,1.0,1.0,54.0
2022-11-03,2.0,22.0,14,1.0,14,,,5.0,58.0
2022-11-04,,14.0,10,,11,,2.0,3.0,40.0
2022-11-05,,21.0,13,,8,,1.0,1.0,44.0
2022-11-06,1.0,12.0,6,,11,,2.0,1.0,33.0
2022-11-07,2.0,14.0,18,,13,,1.0,1.0,49.0
2022-11-08,,10.0,12,2.0,11,,1.0,3.0,39.0
2022-11-09,1.0,11.0,11,,7,,,3.0,33.0
2022-11-10,1.0,15.0,12,,12,,3.0,1.0,44.0
2022-11-11,2.0,12.0,6,1.0,7,,1.0,,29.0
2022-11-12,1.0,8.0,9,,10,,3.0,3.0,34.0
2022-11-13,1.0,17.0,7,,15,,6.0,1.0,47.0
2022-11-14,,22.0,18,,9,,1.0,5.0,55.0
2022-11-15,,19.0,8,,16,,2.0,7.0,52.0
2022-11-16,1.0,9.0,9,1.0,9,,2.0,2.0,33.0
2022-11-17,2.0,15.0,4,,22,,1.0,2.0,46.0
2022-11-18,1.0,14.0,14,,7,,,1.0,37.0
2022-11-19,3.0,23.0,18,,12,,3.0,2.0,61.0
2022-11-20,1.0,13.0,14,1.0,11,,3.0,1.0,44.0
2022-11-21,1.0,20.0,10,,13,,2.0,1.0,47.0
2022-11-22,2.0,21.0,8,,11,,1.0,3.0,46.0
2022-11-23,2.0,14.0,6,,8,,2.0,2.0,34.0
2022-11-24,2.0,14.0,10,,9,,2.0,2.0,39.0
2022-11-25,1.0,11.0,3,,11,,2.0,2.0,30.0
2022-11-26,1.0,12.0,6,,13,,,,32.0
2022-11-27,,12.0,13,,10,,1.0,2.0,38.0
2022-11-28,2.0,15.0,11,,7,,1.0,,36.0
2022-11-29,1.0,9.0,3,,15,,3.0,5.0,36.0
2022-11-30,1.0,10.0,14,,12,,3.0,5.0,45.0
2022-12-01,1.0,15.0,9,,8,,4.0,3.0,40.0
2022-12-02,1.0,18.0,15,,8,,2.0,3.0,47.0
2022-12-03,2.0,9.0,18,,8,,3.0,,40.0
2022-12-04,3.0,16.0,6,,7,,3.0,4.0,39.0
2022-12-05,,15.0,8,,6,,2.0,4.0,35.0
2022-12-06,1.0,18.0,18,,8,,3.0,3.0,51.0
2022-12-07,2.0,19.0,10,,9,,,,40.0
2022-12-08,1.0,15.0,15,,10,,1.0,1.0,43.0
2022-12-09,1.0,18.0,14,,9,,1.0,2.0,45.0
2022-12-10,,20.0,10,,10,,,2.0,42.0
2022-12-11,,23.0,4,,8,,,4.0,39.0
2022-12-12,2.0,20.0,18,,10,,6.0,,56.0
2022-12-13,2.0,14.0,13,1.0,8,,1.0,1.0,40.0
2022-12-14,2.0,14.0,12,,3,,2.0,1.0,34.0
2022-12-15,,13.0,9,1.0,15,,3.0,5.0,46.0
2022-12-16,,13.0,7,,10,,,1.0,31.0
2022-12-17,1.0,15.0,13,,5,,1.0,,35.0
2022-12-18,,11.0,14,,4,,1.0,3.0,33.0
2022-12-19,1.0,12.0,12,,6,,2.0,6.0,39.0
2022-12-20,1.0,10.0,7,,11,,1.0,4.0,34.0
2022-12-21,,18.0,6,,11,,2.0,,37.0
2022-12-22,,13.0,6,1.0,6,,3.0,,29.0
2022-12-23,,16.0,20,,5,,1.0,,42.0
2022-12-24,1.0,12.0,11,,15,,,,39.0
2022-12-25,2.0,8.0,9,1.0,16,,1.0,,37.0
2022-12-26,,13.0,15,1.0,9,,1.0,,39.0
2022-12-27,,6.0,7,1.0,13,,3.0,,30.0
2022-12-28,1.0,17.0,11,,16,,1.0,,46.0
2022-12-29,2.0,11.0,8,,11,,2.0,,34.0
2022-12-30,1.0,17.0,12,,13,,1.0,,44.0
2022-12-31,,10.0,12,,7,,2.0,2.0,33.0
2023-01-01,,16.0,17,,8,,3.0,1.0,45.0
2023-01-02,,12.0,13,,13,,,3.0,41.0
2023-01-03,1.0,17.0,10,1.0,17,,2.0,1.0,49.0
2023-01-04,,12.0,14,,15,,1.0,,42.0
2023-01-05,,10.0,8,,20,,5.0,,43.0
2023-01-06,1.0,11.0,4,1.0,14,,7.0,,38.0
2023-01-07,1.0,5.0,14,1.0,18,,2.0,,41.0
2023-01-08,1.0,12.0,13,,16,,2.0,4.0,48.0
2023-01-09,,14.0,12,,10,,1.0,,37.0
2023-01-10,,8.0,7,,13,,1.0,1.0,30.0
2023-01-11,2.0,10.0,7,,11,,4.0,1.0,35.0
2023-01-12,,7.0,13,,19,,4.0,,43.0
2023-01-13,,17.0,7,,11,,3.0,3.0,41.0
2023-01-14,,7.0,8,,17,,,,32.0
2023-01-15,,7.0,13,,17,1.0,2.0,4.0,44.0
2023-01-16,,8.0,11,,22,,2.0,2.0,45.0
2023-01-17,,15.0,12,,18,,3.0,2.0,50.0
2023-01-18,,13.0,11,1.0,28,,,2.0,55.0
2023-01-19,,18.0,9,1.0,22,,,6.0,56.0
2023-01-20,1.0,26.0,17,1.0,17,,1.0,2.0,65.0
2023-01-21,2.0,16.0,11,,22,,,1.0,52.0
2023-01-22,,10.0,11,,29,,6.0,1.0,57.0
2023-01-23,,9.0,12,,15,,1.0,1.0,38.0
2023-01-24,2.0,7.0,16,,17,,4.0,1.0,47.0
2023-01-25,1.0,11.0,12,,21,,2.0,2.0,49.0
2023-01-26,1.0,16.0,7,,13,,2.0,1.0,40.0
2023-01-27,1.0,15.0,3,,12,,4.0,,35.0
2023-01-28,1.0,14.0,11,,10,,3.0,,39.0
2023-01-29,,9.0,3,,13,,3.0,3.0,31.0
2023-01-30,,10.0,16,,16,,1.0,3.0,46.0
2023-01-31,1.0,10.0,8,,13,,1.0,2.0,35.0
2023-02-01,,12.0,3,,20,,,3.0,38.0
2023-02-02,3.0,10.0,10,,28,,,2.0,53.0
2023-02-03,1.0,9.0,6,,8,,2.0,1.0,27.0
2023-02-04,,9.0,9,,19,,1.0,5.0,43.0
2023-02-05,,2.0,5,2.0,18,,3.0,1.0,31.0
2023-02-06,,6.0,7,,11,,2.0,2.0,28.0
2023-02-07,1.0,4.0,9,,12,,3.0,1.0,30.0
2023-02-08,1.0,7.0,9,,17,,,2.0,36.0
2023-02-09,,9.0,16,,14,,3.0,3.0,45.0
2023-02-10,,8.0,11,1.0,12,,2.0,1.0,35.0
2023-02-11,,4.0,8,,11,,2.0,4.0,29.0
2023-02-12,,6.0,6,,15,,3.0,,30.0
2023-02-13,1.0,11.0,9,,17,,1.0,2.0,41.0
2023-02-14,1.0,8.0,15,,24,,1.0,4.0,53.0
2023-02-15,,5.0,8,,16,,1.0,2.0,32.0
2023-02-16,1.0,10.0,1,,16,,1.0,3.0,32.0
2023-02-17,,9.0,7,,14,,3.0,6.0,39.0
2023-02-18,1.0,6.0,5,,18,,4.0,4.0,38.0
2023-02-19,1.0,11.0,3,,14,,3.0,4.0,36.0
2023-02-20,,6.0,9,,13,1.0,3.0,4.0,36.0
2023-02-21,,8.0,7,1.0,16,,3.0,2.0,37.0
2023-02-22,1.0,12.0,12,,12,,3.0,2.0,42.0
2023-02-23,,10.0,17,,9,,2.0,6.0,44.0
2023-02-24,,12.0,12,,9,,5.0,2.0,40.0
2023-02-25,,8.0,35,,8,,2.0,,53.0
2023-02-26,,8.0,9,,13,,2.0,2.0,34.0
2023-02-27,2.0,7.0,7,2.0,12,,3.0,6.0,39.0
2023-02-28,2.0,9.0,1,,18,,3.0,1.0,34.0
2023-03-01,,9.0,8,,12,,2.0,,31.0
2023-03-02,,14.0,4,,19,,4.0,10.0,51.0
2023-03-03,1.0,7.0,7,,14,,2.0,4.0,35.0
2023-03-04,1.0,5.0,6,,22,,1.0,2.0,37.0
2023-03-05,1.0,6.0,10,,10,,3.0,3.0,33.0
2023-03-06,,12.0,3,,14,,2.0,4.0,35.0
2023-03-07,1.0,9.0,8,,16,,1.0,1.0,36.0
2023-03-08,,14.0,13,,18,,1.0,,46.0
2023-03-09,,13.0,9,,10,,6.0,2.0,40.0
2023-03-10,2.0,10.0,6,,20,,3.0,2.0,43.0
2023-03-11,,4.0,14,,8,,3.0,,29.0
2023-03-12,1.0,11.0,7,1.0,12,,1.0,,33.0
2023-03-13,,6.0,8,,8,,1.0,6.0,29.0
2023-03-14,,9.0,7,,9,,5.0,,30.0
2023-03-15,3.0,7.0,6,,13,,1.0,7.0,37.0
2023-03-16,1.0,6.0,12,,16,,6.0,2.0,43.0
2023-03-17,1.0,12.0,4,,20,,,1.0,38.0
2023-03-18,,5.0,58,,12,,,1.0,76.0
2023-03-19,,8.0,7,,12,,1.0,4.0,32.0
2023-03-20,,10.0,13,,11,,3.0,3.0,40.0
2023-03-21,,9.0,5,,13,,2.0,1.0,30.0
2023-03-22,1.0,10.0,4,,16,,1.0,2.0,34.0
2023-03-23,,10.0,8,,15,,2.0,5.0,40.0
2023-03-24,,17.0,3,,16,,3.0,3.0,42.0
2023-03-25,,8.0,14,,16,,,1.0,39.0
2023-03-26,1.0,7.0,8,1.0,11,,1.0,1.0,30.0
2023-03-27,1.0,12.0,11,,17,,3.0,4.0,48.0
2023-03-28,1.0,13.0,11,,24,,1.0,1.0,51.0
2023-03-29,1.0,9.0,5,,14,,1.0,4.0,34.0
2023-03-30,1.0,10.0,5,,10,,2.0,2.0,30.0
2023-03-31,,13.0,9,,14,,3.0,4.0,43.0
2023-04-01,,12.0,3,1.0,16,,,3.0,35.0
2023-04-02,,11.0,6,,20,,1.0,4.0,42.0
2023-04-03,1.0,10.0,11,,20,,3.0,5.0,50.0
2023-04-04,,13.0,9,,24,,,3.0,49.0
2023-04-05,1.0,12.0,7,,16,,2.0,6.0,44.0
2023-04-06,,14.0,10,,17,,1.0,3.0,45.0
2023-04-07,1.0,13.0,11,,19,,2.0,2.0,48.0
2023-04-08,1.0,10.0,5,,17,,,1.0,34.0
2023-04-09,,7.0,9,,15,,3.0,3.0,37.0
2023-04-10,,13.0,8,,7,,2.0,1.0,31.0
2023-04-11,,7.0,12,,12,,4.0,2.0,37.0
2023-04-12,,5.0,9,,6,,1.0,3.0,24.0
2023-04-13,,12.0,6,,10,,2.0,,30.0
2023-04-14,,14.0,6,,8,,,,28.0
2023-04-15,1.0,20.0,12,,6,,1.0,5.0,45.0
2023-04-16,,12.0,12,,2,,,4.0,30.0
2023-04-17,,11.0,11,,8,,3.0,5.0,38.0
2023-04-18,,25.0,6,,9,,1.0,3.0,44.0
2023-04-19,,9.0,8,,9,,4.0,,30.0
2023-04-20,,17.0,4,,6,,4.0,3.0,34.0
2023-04-21,,11.0,10,,16,,5.0,1.0,43.0
2023-04-22,,10.0,8,,8,,2.0,4.0,32.0
2023-04-23,,8.0,14,,8,,3.0,3.0,36.0
2023-04-24,1.0,12.0,19,1.0,10,,2.0,3.0,48.0
2023-04-25,1.0,13.0,11,,10,,5.0,2.0,42.0
2023-04-26,2.0,14.0,5,,9,,1.0,1.0,32.0
2023-04-27,1.0,13.0,8,1.0,8,,2.0,5.0,38.0
2023-04-28,1.0,15.0,5,,8,,3.0,6.0,38.0
2023-04-29,,14.0,6,,5,,2.0,3.0,30.0
2023-04-30,1.0,9.0,14,,13,,2.0,,39.0
2023-05-01,1.0,11.0,8,,6,,1.0,2.0,29.0
2023-05-02,1.0,15.0,12,,7,,1.0,3.0,39.0
2023-05-03,1.0,8.0,7,,8,,5.0,6.0,35.0
2023-05-04,,21.0,7,,4,,2.0,2.0,36.0
2023-05-05,,20.0,7,,15,,3.0,2.0,47.0
2023-05-06,2.0,14.0,5,,11,,,4.0,36.0
2023-05-07,1.0,15.0,12,,12,,2.0,5.0,47.0
2023-05-08,,9.0,9,,10,,,9.0,37.0
2023-05-09,,14.0,15,,11,,5.0,6.0,51.0
2023-05-10,2.0,13.0,12,,12,,1.0,6.0,46.0
2023-05-11,,12.0,6,1.0,13,,2.0,1.0,35.0
2023-05-12,4.0,6.0,8,,20,,5.0,4.0,47.0
2023-05-13,1.0,12.0,7,,11,,2.0,2.0,35.0
2023-05-14,2.0,13.0,14,,10,,2.0,,41.0
2023-05-15,,16.0,9,,13,,3.0,12.0,53.0
2023-05-16,,17.0,12,,8,,1.0,4.0,42.0
2023-05-17,,14.0,8,,6,,1.0,2.0,31.0
2023-05-18,,17.0,9,1.0,6,,,6.0,39.0
2023-05-19,1.0,13.0,7,,4,,,5.0,30.0
2023-05-20,1.0,18.0,4,1.0,9,,,14.0,47.0
2023-05-21,1.0,14.0,10,,11,,6.0,5.0,47.0
2023-05-22,,14.0,8,,4,,2.0,31.0,59.0
2023-05-23,1.0,19.0,2,,11,,2.0,17.0,52.0
2023-05-24,1.0,5.0,10,,14,,,2.0,32.0
2023-05-25,,6.0,8,,14,,,1.0,29.0
2023-05-26,,15.0,9,,8,,4.0,22.0,58.0
2023-05-27,,15.0,3,,15,,3.0,19.0,55.0
2023-05-28,,7.0,8,3.0,10,,1.0,20.0,49.0
2023-05-29,1.0,5.0,7,3.0,20,,,15.0,51.0
2023-05-30,,14.0,11,1.0,10,,2.0,17.0,55.0
2023-05-31,,8.0,6,,18,,1.0,13.0,46.0
2023-06-01,1.0,16.0,5,1.0,9,,,22.0,54.0
2023-06-02,,13.0,12,,16,,1.0,19.0,61.0
2023-06-03,,9.0,16,,17,,,17.0,59.0
2023-06-04,,9.0,10,,13,,3.0,6.0,41.0
2023-06-05,,11.0,18,,19,,2.0,19.0,69.0
2023-06-06,1.0,16.0,12,,6,,,19.0,54.0
2023-06-07,2.0,13.0,10,,9,,1.0,12.0,47.0
2023-06-08,1.0,16.0,5,,11,,3.0,15.0,51.0
2023-06-09,,18.0,11,,6,,1.0,15.0,51.0
2023-06-10,,8.0,9,,8,,1.0,6.0,32.0
2023-06-11,1.0,10.0,17,,9,,3.0,8.0,48.0
2023-06-12,2.0,12.0,11,,8,,2.0,2.0,37.0
2023-06-13,4.0,17.0,7,,12,,2.0,10.0,52.0
2023-06-14,1.0,13.0,4,,15,,2.0,17.0,52.0
2023-06-15,1.0,18.0,7,1.0,18,,2.0,18.0,65.0
2023-06-16,4.0,14.0,8,,5,,2.0,1.0,34.0
2023-06-17,4.0,14.0,9,,7,,1.0,18.0,53.0
2023-06-18,2.0,19.0,11,,16,,1.0,6.0,55.0
2023-06-19,,12.0,5,,8,,3.0,3.0,31.0
2023-06-20,1.0,14.0,4,,14,,1.0,10.0,44.0
2023-06-21,,12.0,7,,6,,2.0,14.0,41.0
2023-06-22,,13.0,15,,19,,4.0,15.0,66.0
2023-06-23,1.0,12.0,7,,11,,1.0,,32.0
2023-06-24,,25.0,9,,10,,1.0,11.0,56.0
2023-06-25,1.0,21.0,9,,13,,1.0,15.0,60.0
2023-06-26,4.0,13.0,11,1.0,13,,1.0,2.0,45.0
2023-06-27,,22.0,8,1.0,3,,4.0,,38.0
2023-06-28,,11.0,6,,7,1.0,3.0,5.0,33.0
2023-06-29,,23.0,4,1.0,11,,1.0,10.0,50.0
2023-06-30,3.0,15.0,9,,6,,,6.0,39.0
2023-07-01,2.0,21.0,7,,6,,4.0,12.0,52.0
2023-07-02,1.0,19.0,5,,3,,2.0,3.0,33.0
2023-07-03,2.0,17.0,7,1.0,20,,,15.0,62.0
2023-07-04,1.0,22.0,5,,13,,2.0,2.0,45.0
2023-07-05,1.0,19.0,13,,17,,2.0,24.0,76.0
2023-07-06,,15.0,8,,7,,2.0,6.0,38.0
2023-07-07,,14.0,17,,11,,3.0,11.0,56.0
2023-07-08,1.0,18.0,8,,17,,3.0,9.0,56.0
2023-07-09,,7.0,7,,11,,,8.0,33.0
2023-07-10,,13.0,12,,12,,2.0,13.0,52.0
2023-07-11,,21.0,5,,12,,1.0,,39.0
2023-07-12,2.0,17.0,5,,18,,1.0,14.0,57.0
2023-07-13,,10.0,8,,13,,4.0,3.0,38.0
2023-07-14,1.0,16.0,5,,11,,5.0,1.0,39.0
2023-07-15,,18.0,12,,12,,1.0,10.0,53.0
2023-07-16,1.0,19.0,7,,11,,4.0,9.0,51.0
2023-07-17,2.0,22.0,9,,11,,2.0,,46.0
2023-07-18,,16.0,11,,8,,3.0,17.0,55.0
2023-07-19,,15.0,11,1.0,13,,1.0,13.0,54.0
2023-07-20,1.0,18.0,7,,16,,1.0,21.0,64.0
2023-07-21,1.0,10.0,18,,12,,2.0,15.0,58.0
2023-07-22,,10.0,11,,11,,2.0,13.0,47.0
2023-07-23,1.0,7.0,16,,20,,1.0,20.0,65.0
2023-07-24,1.0,10.0,17,1.0,14,,1.0,1.0,45.0
2023-07-25,,13.0,15,,10,,7.0,13.0,58.0
2023-07-26,2.0,9.0,15,1.0,8,,1.0,9.0,45.0
2023-07-27,,14.0,8,,11,,2.0,16.0,51.0
2023-07-28,,17.0,14,,11,,2.0,6.0,50.0
2023-07-29,,8.0,5,,12,,2.0,15.0,42.0
2023-07-30,,19.0,5,2.0,19,,,20.0,65.0
2023-07-31,,7.0,10,,13,,3.0,14.0,47.0
2023-08-01,,8.0,8,,16,,,25.0,57.0
2023-08-02,,14.0,4,,18,,2.0,15.0,53.0
2023-08-03,,17.0,5,,17,,2.0,17.0,58.0
2023-08-04,,8.0,10,,21,,3.0,11.0,53.0
2023-08-05,,7.0,10,,16,,1.0,1.0,35.0
2023-08-06,,10.0,12,,18,,,16.0,56.0
2023-08-07,,7.0,9,,7,,4.0,1.0,28.0
2023-08-08,2.0,9.0,14,,17,,1.0,3.0,46.0
2023-08-09,1.0,15.0,9,,11,,1.0,17.0,54.0
2023-08-10,,13.0,14,,17,,1.0,15.0,60.0
2023-08-11,1.0,12.0,15,,16,,2.0,1.0,47.0
2023-08-12,,9.0,3,,17,,1.0,,30.0
2023-08-13,1.0,12.0,15,,12,,1.0,13.0,54.0
2023-08-14,,6.0,15,4.0,23,,4.0,16.0,68.0
2023-08-15,,10.0,12,5.0,13,1.0,2.0,19.0,62.0
2023-08-16,,11.0,5,1.0,18,,,13.0,48.0
2023-08-17,,10.0,5,,24,,2.0,2.0,43.0
2023-08-18,1.0,7.0,7,,15,,,15.0,45.0
2023-08-19,,10.0,11,,12,,1.0,18.0,52.0
2023-08-20,,8.0,8,,11,,3.0,9.0,39.0
2023-08-21,,10.0,6,,10,,,17.0,43.0
2023-08-22,,15.0,6,,14,,1.0,14.0,50.0
2023-08-23,2.0,14.0,13,1.0,19,,4.0,20.0,73.0
2023-08-24,1.0,17.0,5,,15,,1.0,17.0,56.0
2023-08-25,,14.0,16,3.0,15,,3.0,11.0,62.0
2023-08-26,,8.0,10,,17,,2.0,3.0,40.0
2023-08-27,,8.0,13,1.0,16,,9.0,1.0,48.0
2023-08-28,,17.0,7,,14,,1.0,2.0,41.0
2023-08-29,,11.0,10,,14,,3.0,1.0,39.0
2023-08-30,,8.0,7,,16,,3.0,5.0,39.0
2023-08-31,,9.0,10,,11,,1.0,15.0,46.0
2023-09-01,1.0,11.0,10,,15,,1.0,5.0,43.0
2023-09-02,,8.0,4,,16,,1.0,25.0,54.0
2023-09-03,,9.0,4,,11,,,14.0,38.0
2023-09-04,,9.0,11,,24,,,4.0,48.0
2023-09-05,,16.0,7,1.0,14,,4.0,12.0,54.0
2023-09-06,1.0,17.0,2,1.0,10,,3.0,16.0,50.0
2023-09-07,,14.0,10,,11,,3.0,22.0,60.0
2023-09-08,,14.0,7,,21,,,15.0,57.0
2023-09-09,,16.0,13,,20,,,9.0,58.0
2023-09-10,1.0,15.0,13,,17,,,22.0,68.0
2023-09-11,,13.0,15,,14,,2.0,25.0,69.0
2023-09-12,,12.0,13,,16,,2.0,15.0,58.0
2023-09-13,1.0,21.0,8,,11,,2.0,19.0,62.0
2023-09-14,,14.0,9,,9,,1.0,26.0,59.0
2023-09-15,1.0,11.0,10,,14,,,12.0,48.0
2023-09-16,1.0,19.0,11,,10,,1.0,24.0,66.0
2023-09-17,1.0,10.0,8,,17,,2.0,19.0,57.0
2023-09-18,,15.0,10,,12,,1.0,22.0,60.0
2023-09-19,1.0,24.0,9,,12,,2.0,16.0,64.0
2023-09-20,,10.0,13,,16,,2.0,14.0,55.0
2023-09-21,,15.0,7,,7,,,21.0,50.0
2023-09-22,,11.0,6,,8,,3.0,22.0,50.0
2023-09-23,,12.0,11,,11,,4.0,15.0,53.0
2023-09-24,1.0,9.0,11,,14,,1.0,11.0,47.0
2023-09-25,,10.0,8,,14,1.0,2.0,22.0,57.0
2023-09-26,1.0,17.0,16,,10,,,22.0,66.0
2023-09-27,1.0,22.0,10,,14,,3.0,19.0,69.0
2023-09-28,1.0,8.0,4,,10,,1.0,18.0,42.0
2023-09-29,,14.0,6,,9,,3.0,16.0,48.0
2023-09-30,,16.0,6,,18,1.0,2.0,5.0,48.0
2023-10-01,,22.0,20,,18,,4.0,16.0,80.0
2023-10-02,,10.0,11,,19,,1.0,10.0,51.0
2023-10-03,,24.0,8,1.0,9,,2.0,25.0,69.0
2023-10-04,,21.0,6,,17,,2.0,20.0,66.0
2023-10-05,1.0,7.0,13,,13,,4.0,21.0,59.0
2023-10-06,,14.0,6,1.0,12,,3.0,7.0,43.0
2023-10-07,,14.0,9,1.0,8,,1.0,7.0,40.0
2023-10-08,,10.0,10,,10,,1.0,2.0,33.0
2023-10-09,,19.0,11,1.0,8,,3.0,4.0,46.0
2023-10-10,,17.0,13,,20,,2.0,10.0,62.0
2023-10-11,,15.0,11,,15,,4.0,23.0,68.0
2023-10-12,1.0,10.0,9,,10,,2.0,7.0,39.0
2023-10-13,,11.0,10,,13,,3.0,18.0,55.0
2023-10-14,,22.0,19,,5,,1.0,23.0,70.0
2023-10-15,1.0,16.0,7,,9,,1.0,19.0,53.0
2023-10-16,1.0,12.0,9,,11,,2.0,6.0,41.0
2023-10-17,,20.0,13,,19,,,6.0,58.0
2023-10-18,,18.0,14,,10,,3.0,18.0,63.0
2023-10-19,,20.0,7,1.0,9,,1.0,17.0,55.0
2023-10-20,,15.0,13,1.0,8,,1.0,3.0,41.0
2023-10-21,,9.0,12,,12,,1.0,3.0,37.0
2023-10-22,,16.0,12,,15,,2.0,9.0,54.0
2023-10-23,,13.0,6,,13,,2.0,11.0,45.0
2023-10-24,,25.0,13,,8,,1.0,16.0,63.0
2023-10-25,,24.0,9,,8,,3.0,13.0,57.0
2023-10-26,1.0,23.0,14,,11,,,8.0,57.0
2023-10-27,,13.0,7,,5,,3.0,7.0,35.0
2023-10-28,1.0,19.0,6,,10,,,3.0,39.0
2023-10-29,1.0,8.0,10,1.0,7,,2.0,11.0,40.0
2023-10-30,,16.0,7,,14,,1.0,16.0,54.0
2023-10-31,,19.0,8,,4,,,18.0,49.0
2023-11-01,1.0,13.0,11,,6,,,11.0,42.0
2023-11-02,1.0,14.0,10,,13,,,4.0,42.0
2023-11-03,,15.0,12,,7,,2.0,11.0,47.0
2023-11-04,1.0,21.0,12,,15,,,2.0,51.0
2023-11-05,,14.0,18,,11,1.0,1.0,7.0,52.0
2023-11-06,,16.0,12,,5,,1.0,11.0,45.0
2023-11-07,,23.0,15,,15,,1.0,14.0,68.0
2023-11-08,1.0,19.0,11,,1,,1.0,13.0,46.0
2023-11-09,2.0,16.0,12,2.0,3,,3.0,9.0,47.0
2023-11-10,,22.0,11,,6,,1.0,10.0,50.0
2023-11-11,,21.0,21,,5,,1.0,16.0,64.0
2023-11-12,,13.0,14,,5,,1.0,2.0,35.0
2023-11-13,1.0,19.0,17,1.0,5,,2.0,16.0,61.0
2023-11-14,,26.0,8,,6,,4.0,21.0,65.0
2023-11-15,,18.0,5,,8,,1.0,14.0,46.0
2023-11-16,,13.0,7,1.0,14,,1.0,4.0,40.0
2023-11-17,,9.0,11,,12,,1.0,11.0,44.0
2023-11-18,,6.0,13,,11,,2.0,5.0,37.0
2023-11-19,,13.0,5,,10,,2.0,8.0,38.0
2023-11-20,,12.0,6,,5,,2.0,5.0,30.0
2023-11-21,,13.0,6,,6,,1.0,7.0,33.0
2023-11-22,,17.0,11,,7,,1.0,5.0,41.0
2023-11-23,2.0,15.0,7,,11,,,9.0,44.0
2023-11-24,,24.0,16,,4,,1.0,,45.0
2023-11-25,1.0,20.0,9,,9,,2.0,11.0,52.0
2023-11-26,,17.0,2,,11,,1.0,4.0,35.0
2023-11-27,,15.0,7,,9,,1.0,1.0,33.0
2023-11-28,,16.0,11,,11,,2.0,18.0,58.0
2023-11-29,,12.0,17,,9,,3.0,2.0,43.0
2023-11-30,,27.0,5,,8,,1.0,18.0,59.0
2023-12-01,1.0,27.0,14,,8,,,2.0,52.0
2023-12-02,1.0,15.0,14,,7,,1.0,12.0,50.0
2023-12-03,1.0,24.0,9,,9,,,3.0,46.0
2023-12-04,,12.0,11,1.0,13,,3.0,14.0,54.0
2023-12-05,,21.0,11,,5,,1.0,14.0,52.0
2023-12-06,1.0,21.0,8,,12,,1.0,18.0,61.0
2023-12-07,,17.0,10,1.0,7,,1.0,11.0,47.0
2023-12-08,,24.0,4,,4,,,7.0,39.0
2023-12-09,,14.0,10,,7,,1.0,15.0,47.0
2023-12-10,,15.0,12,1.0,8,,1.0,10.0,47.0
2023-12-11,,16.0,16,,14,,,6.0,52.0
2023-12-12,,15.0,10,1.0,7,,,6.0,39.0
2023-12-13,,14.0,7,,8,,2.0,16.0,47.0
2023-12-14,,14.0,15,1.0,12,,2.0,7.0,51.0
2023-12-15,1.0,21.0,11,1.0,9,,,9.0,52.0
2023-12-16,1.0,16.0,13,,5,,1.0,22.0,58.0
2023-12-17,,21.0,12,,11,,,9.0,53.0
2023-12-18,,17.0,6,,4,,3.0,4.0,34.0
2023-12-19,1.0,9.0,17,1.0,8,,1.0,8.0,45.0
2023-12-20,,21.0,9,,8,,2.0,10.0,50.0
2023-12-21,,12.0,6,,3,,,14.0,35.0
2023-12-22,,14.0,13,,3,,,17.0,47.0
2023-12-23,,19.0,18,,6,,,17.0,60.0
2023-12-24,,19.0,22,,4,,1.0,15.0,61.0
2023-12-25,1.0,11.0,10,1.0,7,,3.0,10.0,43.0
2023-12-26,,24.0,7,,7,,4.0,10.0,52.0
2023-12-27,,26.0,10,,4,,2.0,13.0,55.0
2023-12-28,,6.0,11,,1,,1.0,17.0,36.0
2023-12-29,,29.0,7,,4,,1.0,23.0,64.0
2023-12-30,,21.0,6,,7,,2.0,21.0,57.0
2023-12-31,,17.0,6,,1,,,19.0,43.0
2024-01-01,,21.0,7,1.0,6,,4.0,15.0,54.0
2024-01-02,,23.0,12,2.0,4,,1.0,17.0,59.0
2024-01-03,1.0,24.0,10,,3,,1.0,24.0,63.0
2024-01-04,,13.0,4,,4,,3.0,11.0,35.0
2024-01-05,,16.0,11,1.0,2,,1.0,2.0,33.0
2024-01-06,,23.0,14,,10,,3.0,20.0,70.0
2024-01-07,1.0,21.0,14,1.0,4,,1.0,15.0,57.0
2024-01-08,1.0,24.0,11,,3,,,8.0,47.0
2024-01-09,,25.0,8,,7,,2.0,12.0,54.0
2024-01-10,1.0,16.0,6,,2,,3.0,12.0,40.0
2024-01-11,,15.0,12,,4,,1.0,8.0,40.0
2024-01-12,,22.0,5,,22,,,22.0,71.0
2024-01-13,2.0,13.0,11,,5,,3.0,21.0,55.0
2024-01-14,,25.0,9,,6,,1.0,10.0,51.0
2024-01-15,,23.0,12,,7,,3.0,19.0,64.0
2024-01-16,2.0,23.0,12,1.0,3,,,14.0,55.0
2024-01-17,2.0,27.0,18,1.0,7,,1.0,19.0,75.0
2024-01-18,1.0,22.0,21,1.0,6,,4.0,7.0,62.0
2024-01-19,1.0,20.0,10,,7,,4.0,13.0,55.0
2024-01-20,,22.0,11,1.0,6,,1.0,17.0,58.0
2024-01-21,,25.0,11,,6,,,13.0,55.0
2024-01-22,,21.0,4,,17,,2.0,14.0,58.0
2024-01-23,2.0,28.0,21,,8,,3.0,16.0,78.0
2024-01-24,,22.0,12,,6,,3.0,18.0,61.0
2024-01-25,2.0,19.0,9,,2,,1.0,10.0,43.0
2024-01-26,1.0,14.0,12,,1,,2.0,6.0,36.0
2024-01-27,,12.0,17,,9,,1.0,10.0,49.0
2024-01-28,,15.0,12,,10,,,10.0,47.0
2024-01-29,2.0,10.0,15,1.0,9,,3.0,18.0,58.0
2024-01-30,2.0,10.0,10,,8,1.0,2.0,23.0,56.0
2024-01-31,1.0,13.0,8,1.0,15,,,24.0,62.0
2024-02-01,,11.0,12,,13,,1.0,18.0,55.0
2024-02-02,,16.0,6,,13,,2.0,6.0,43.0
2024-02-03,,18.0,13,2.0,27,,2.0,8.0,70.0
2024-02-04,,11.0,16,,13,,2.0,23.0,65.0
2024-02-05,,14.0,11,,19,,4.0,12.0,60.0
2024-02-06,,15.0,10,1.0,13,,4.0,12.0,55.0
2024-02-07,,21.0,9,,14,,3.0,9.0,56.0
2024-02-08,,13.0,9,,8,,3.0,17.0,50.0
2024-02-09,1.0,16.0,7,1.0,12,,3.0,6.0,46.0
2024-02-10,,20.0,12,,6,,1.0,6.0,45.0
2024-02-11,1.0,15.0,8,2.0,6,,2.0,3.0,37.0
2024-02-12,1.0,19.0,9,1.0,8,,2.0,10.0,50.0
2024-02-13,,20.0,13,,10,,,16.0,59.0
2024-02-14,2.0,18.0,5,,11,,2.0,11.0,49.0
2024-02-15,,17.0,11,1.0,15,,5.0,17.0,66.0
2024-02-16,,16.0,17,,21,,2.0,22.0,78.0
2024-02-17,,16.0,20,2.0,14,,1.0,21.0,74.0
2024-02-18,,17.0,12,,9,,2.0,5.0,45.0
2024-02-19,1.0,17.0,17,,8,,2.0,21.0,66.0
2024-02-20,,21.0,16,1.0,11,,1.0,15.0,65.0
2024-02-21,,22.0,11,1.0,15,,3.0,5.0,57.0
2024-02-22,,21.0,9,,8,,1.0,8.0,47.0
2024-02-23,1.0,19.0,13,,7,,1.0,12.0,53.0
2024-02-24,,15.0,12,,16,,1.0,15.0,59.0
2024-02-25,,20.0,10,,10,,2.0,16.0,58.0
2024-02-26,,15.0,18,1.0,11,,3.0,14.0,62.0
2024-02-27,,16.0,7,,8,,3.0,15.0,49.0
2024-02-28,,13.0,16,,11,,2.0,17.0,59.0
2024-02-29,,19.0,7,,12,,1.0,16.0,55.0
2024-03-01,2.0,24.0,18,1.0,7,,,14.0,66.0
2024-03-02,,19.0,10,3.0,12,,,19.0,63.0
2024-03-03,,20.0,12,,7,,4.0,11.0,54.0
2024-03-04,,18.0,13,,10,,,15.0,56.0
2024-03-05,1.0,20.0,14,1.0,9,,4.0,18.0,67.0
2024-03-06,,23.0,11,,6,,,7.0,47.0
2024-03-07,,13.0,6,,4,,4.0,11.0,38.0
2024-03-08,1.0,17.0,18,1.0,5,,1.0,10.0,53.0
2024-03-09,,16.0,13,,2,,1.0,11.0,43.0
2024-03-10,,18.0,23,,4,,2.0,13.0,60.0
2024-03-11,,21.0,10,1.0,5,,2.0,20.0,59.0
2024-03-12,,18.0,12,1.0,5,,1.0,50.0,87.0
2024-03-13,1.0,21.0,7,2.0,6,,1.0,33.0,71.0
2024-03-14,1.0,24.0,9,,10,,1.0,27.0,72.0
2024-03-15,,17.0,12,,10,,2.0,32.0,73.0
2024-03-16,1.0,30.0,5,,18,,2.0,32.0,88.0
2024-03-17,,29.0,19,,12,,1.0,29.0,90.0
2024-03-18,,25.0,12,1.0,13,,1.0,26.0,78.0
2024-03-19,,29.0,13,1.0,8,,2.0,31.0,84.0
2024-03-20,,25.0,9,,6,,1.0,24.0,65.0
2024-03-21,,25.0,15,2.0,5,,,29.0,76.0
2024-03-22,,27.0,11,,14,,1.0,32.0,85.0
2024-03-23,,32.0,14,,11,,,29.0,86.0
2024-03-24,,23.0,13,,11,,1.0,24.0,72.0
2024-03-25,2.0,19.0,10,,11,,1.0,29.0,72.0
2024-03-26,,21.0,13,,7,,,27.0,68.0
2024-03-27,,21.0,10,,12,,2.0,21.0,66.0
2024-03-28,,26.0,7,,10,,1.0,27.0,71.0
2024-03-29,1.0,25.0,3,2.0,14,,1.0,23.0,69.0
2024-03-30,,22.0,12,1.0,11,,1.0,31.0,78.0
2024-03-31,1.0,29.0,16,1.0,9,,3.0,27.0,86.0
2024-04-01,,19.0,13,,9,,,17.0,58.0
2024-04-02,,21.0,13,1.0,6,,3.0,26.0,70.0
2024-04-03,3.0,16.0,6,,10,,2.0,18.0,55.0
2024-04-04,1.0,30.0,4,2.0,5,,6.0,22.0,70.0
2024-04-05,,15.0,12,,10,,1.0,29.0,67.0
2024-04-06,1.0,15.0,8,,4,,1.0,24.0,53.0
2024-04-07,,16.0,9,1.0,8,,4.0,18.0,56.0
2024-04-08,,21.0,14,,9,,,17.0,61.0
2024-04-09,1.0,17.0,8,,12,,1.0,25.0,64.0
2024-04-10,,24.0,8,1.0,12,,1.0,22.0,68.0
2024-04-11,,12.0,10,4.0,11,,1.0,17.0,55.0
2024-04-12,,24.0,13,1.0,14,,1.0,12.0,65.0
2024-04-13,,29.0,13,3.0,8,,1.0,18.0,72.0
2024-04-14,,23.0,3,,5,,1.0,13.0,45.0
2024-04-15,1.0,31.0,14,,8,,1.0,15.0,70.0
2024-04-16,1.0,25.0,10,,8,,1.0,13.0,58.0
2024-04-17,1.0,24.0,13,2.0,12,,1.0,21.0,74.0
2024-04-18,1.0,27.0,19,1.0,9,,,25.0,82.0
2024-04-19,2.0,17.0,11,1.0,10,,4.0,14.0,59.0
2024-04-20,,13.0,11,1.0,10,,2.0,24.0,61.0
2024-04-21,,29.0,15,,5,,,9.0,58.0
2024-04-22,,10.0,11,,10,,1.0,14.0,46.0
2024-04-23,,16.0,22,2.0,10,,,18.0,68.0
2024-04-24,,14.0,19,,14,,1.0,17.0,65.0
2024-04-25,1.0,16.0,10,,10,,,24.0,61.0
2024-04-26,,11.0,13,,10,,,21.0,55.0
2024-04-27,,20.0,14,1.0,10,,2.0,21.0,68.0
2024-04-28,,19.0,13,,4,,1.0,27.0,64.0
2024-04-29,,8.0,14,,8,,,12.0,42.0
2024-04-30,,14.0,10,1.0,11,,1.0,24.0,61.0
2024-05-01,,27.0,14,1.0,7,,2.0,22.0,73.0
2024-05-02,1.0,17.0,10,1.0,7,,1.0,34.0,71.0
2024-05-03,,26.0,10,1.0,6,,1.0,21.0,65.0
2024-05-04,,18.0,6,,5,,1.0,21.0,51.0
2024-05-05,,24.0,5,,9,,2.0,13.0,53.0
2024-05-06,,18.0,7,1.0,15,,1.0,36.0,78.0
2024-05-07,1.0,22.0,14,2.0,8,,,11.0,58.0
2024-05-08,,19.0,10,1.0,9,,,27.0,66.0
2024-05-09,,18.0,16,1.0,5,,7.0,39.0,86.0
2024-05-10,,19.0,22,,11,,,51.0,103.0
2024-05-11,,15.0,15,,11,,1.0,39.0,81.0
2024-05-12,1.0,5.0,16,,7,,2.0,34.0,65.0
2024-05-13,,15.0,11,,6,,1.0,45.0,78.0
2024-05-14,1.0,2.0,11,4.0,7,,2.0,42.0,69.0
2024-05-15,,11.0,14,,8,,1.0,55.0,89.0
2024-05-16,,17.0,9,1.0,3,,3.0,51.0,84.0
2024-05-17,,13.0,19,2.0,10,,2.0,42.0,88.0
2024-05-18,,11.0,19,1.0,9,,1.0,28.0,69.0
2024-05-19,,18.0,18,,5,,1.0,47.0,89.0
2024-05-20,,22.0,16,,11,,,44.0,93.0
2024-05-21,,13.0,10,,5,,1.0,31.0,60.0
2024-05-22,,15.0,19,,10,,3.0,49.0,96.0
2024-05-23,,17.0,7,1.0,8,,2.0,33.0,68.0
2024-05-24,,19.0,16,,16,,,26.0,77.0
2024-05-25,,11.0,10,,8,,3.0,41.0,73.0
2024-05-26,,4.0,13,1.0,6,,2.0,43.0,69.0
2024-05-27,,13.0,20,2.0,9,,4.0,56.0,104.0
2024-05-28,,16.0,11,1.0,11,,2.0,38.0,79.0
2024-05-29,,20.0,13,1.0,12,,1.0,43.0,90.0
2024-05-30,,14.0,12,,17,,,37.0,80.0
2024-05-31,1.0,16.0,8,,9,,,39.0,73.0
2024-06-01,,16.0,10,,13,,,47.0,86.0
2024-06-02,,7.0,12,2.0,10,,,49.0,80.0
2024-06-03,,7.0,17,,7,,,47.0,78.0
2024-06-04,,15.0,11,,12,,3.0,47.0,88.0
2024-06-05,,20.0,18,4.0,8,,,43.0,93.0
2024-06-06,,15.0,5,,20,,1.0,45.0,86.0
2024-06-07,,23.0,16,,13,,2.0,54.0,108.0
2024-06-08,,13.0,6,1.0,15,,1.0,44.0,80.0
2024-06-09,,11.0,18,1.0,5,,1.0,40.0,76.0
2024-06-10,,13.0,20,2.0,16,,2.0,33.0,86.0
2024-06-11,1.0,12.0,8,,6,,3.0,46.0,76.0
2024-06-12,,8.0,10,,7,,1.0,40.0,66.0
2024-06-13,,26.0,12,,13,,,25.0,76.0
2024-06-14,,26.0,6,1.0,13,,2.0,53.0,101.0
2024-06-15,2.0,20.0,16,,5,,1.0,29.0,73.0
2024-06-16,,21.0,10,,12,,,28.0,71.0
2024-06-17,,20.0,12,1.0,13,,2.0,36.0,84.0
2024-06-18,,20.0,11,,10,,,58.0,99.0
2024-06-19,,27.0,15,1.0,7,,,48.0,98.0
2024-06-20,,22.0,11,3.0,8,,,29.0,73.0
2024-06-21,2.0,18.0,11,1.0,6,,2.0,35.0,75.0
2024-06-22,,14.0,8,4.0,12,,1.0,45.0,84.0
2024-06-23,,25.0,11,,12,,2.0,43.0,93.0
2024-06-24,,15.0,11,,7,,,44.0,77.0
2024-06-25,,30.0,6,,15,,,31.0,82.0
2024-06-26,,28.0,8,2.0,11,,1.0,40.0,90.0
2024-06-27,,16.0,10,1.0,11,,,41.0,79.0
2024-06-28,,18.0,5,1.0,10,,1.0,51.0,86.0
2024-06-29,1.0,17.0,11,,18,,,54.0,101.0
2024-06-30,,23.0,18,,12,,,40.0,93.0
2024-07-01,,22.0,9,,20,,,33.0,84.0
2024-07-02,,14.0,11,,19,,,50.0,94.0
2024-07-03,,35.0,7,,10,,1.0,47.0,100.0
2024-07-04,,27.0,7,1.0,16,,,48.0,99.0
2024-07-05,1.0,30.0,11,,15,,2.0,41.0,100.0
2024-07-06,,15.0,18,,16,,,47.0,96.0
2024-07-07,1.0,28.0,23,,8,,1.0,41.0,102.0
2024-07-08,,21.0,14,1.0,11,,2.0,57.0,106.0
2024-07-09,1.0,31.0,10,1.0,15,,,62.0,120.0
2024-07-10,,34.0,13,4.0,6,,,34.0,91.0
2024-07-11,,29.0,10,2.0,8,,1.0,44.0,94.0
2024-07-12,,46.0,7,1.0,9,,3.0,41.0,107.0
2024-07-13,,17.0,18,,12,,1.0,54.0,102.0
2024-07-14,,27.0,7,,11,,1.0,47.0,93.0
2024-07-15,,19.0,14,1.0,16,,3.0,41.0,94.0
2024-07-16,,24.0,12,1.0,13,,,50.0,100.0
2024-07-17,1.0,19.0,13,1.0,16,,3.0,37.0,90.0
2024-07-18,1.0,19.0,11,2.0,11,,1.0,44.0,89.0
2024-07-19,,19.0,28,2.0,9,,,38.0,96.0
2024-07-20,,19.0,9,3.0,14,,1.0,55.0,101.0
2024-07-21,,20.0,10,2.0,13,,,57.0,102.0
2024-07-22,1.0,20.0,13,2.0,9,,,59.0,104.0
2024-07-23,,29.0,7,1.0,9,,2.0,42.0,90.0
2024-07-24,,20.0,13,,10,,,39.0,82.0
2024-07-25,,17.0,5,1.0,7,,2.0,53.0,85.0
2024-07-26,,19.0,9,,5,,1.0,42.0,76.0
2024-07-27,,27.0,6,,12,,3.0,68.0,116.0
2024-07-28,,18.0,9,,10,,6.0,41.0,84.0
2024-07-29,1.0,26.0,11,1.0,9,,2.0,42.0,92.0
2024-07-30,,21.0,17,,9,,7.0,31.0,85.0
2024-07-31,1.0,12.0,3,,7,,3.0,38.0,64.0
2024-08-01,,16.0,18,,8,,2.0,47.0,91.0
2024-08-02,,13.0,14,1.0,7,,1.0,48.0,84.0
2024-08-03,,23.0,12,1.0,12,,2.0,57.0,107.0
2024-08-04,,28.0,10,1.0,6,,,20.0,65.0
2024-08-05,1.0,23.0,22,,11,,2.0,53.0,112.0
2024-08-06,,25.0,11,1.0,5,,,58.0,100.0
2024-08-07,1.0,19.0,16,1.0,12,,1.0,67.0,117.0
2024-08-08,,27.0,12,,6,,1.0,47.0,93.0
2024-08-09,,11.0,12,4.0,13,,3.0,51.0,94.0
2024-08-10,,21.0,17,3.0,12,,,60.0,113.0
2024-08-11,,19.0,29,,13,,3.0,55.0,119.0
2024-08-12,,21.0,16,,14,,,50.0,101.0
2024-08-13,,23.0,19,,11,,3.0,55.0,111.0
2024-08-14,,4.0,16,,6,,2.0,40.0,68.0
2024-08-15,,5.0,9,,11,,,60.0,85.0
2024-08-16,1.0,8.0,19,,10,,,41.0,79.0
2024-08-17,,6.0,15,,12,,1.0,48.0,82.0
2024-08-18,,19.0,12,2.0,7,,2.0,59.0,101.0
2024-08-19,,19.0,11,3.0,15,,2.0,52.0,102.0
2024-08-20,,25.0,6,,9,,3.0,53.0,96.0
2024-08-21,,15.0,12,,5,,1.0,61.0,94.0
2024-08-22,,26.0,7,1.0,8,,1.0,51.0,94.0
2024-08-23,1.0,25.0,9,,12,,3.0,53.0,103.0
2024-08-24,,24.0,10,,8,,,47.0,89.0
2024-08-25,,24.0,23,1.0,4,,1.0,51.0,104.0
2024-08-26,,23.0,17,,5,,4.0,52.0,101.0
2024-08-27,,7.0,14,2.0,9,,3.0,45.0,80.0
2024-08-28,1.0,12.0,11,,1,,2.0,74.0,101.0
2024-08-29,,22.0,12,2.0,7,,4.0,51.0,98.0
2024-08-30,,16.0,9,,8,,,43.0,76.0
2024-08-31,,12.0,15,2.0,5,,3.0,39.0,76.0
2024-09-01,,16.0,6,2.0,6,,2.0,35.0,67.0
2024-09-02,1.0,39.0,14,,6,,,35.0,95.0
2024-09-03,,16.0,18,,6,,1.0,33.0,74.0
2024-09-04,,24.0,10,2.0,5,,1.0,27.0,69.0
2024-09-05,,19.0,3,,6,,3.0,30.0,61.0
2024-09-06,,26.0,2,3.0,7,,2.0,30.0,70.0
2024-09-07,1.0,19.0,4,2.0,14,,3.0,37.0,80.0
2024-09-08,,29.0,3,,8,,1.0,39.0,80.0
2024-09-09,1.0,36.0,8,,11,,2.0,46.0,104.0
2024-09-10,,20.0,4,,9,,3.0,55.0,91.0
2024-09-11,,20.0,5,1.0,12,,,43.0,81.0
2024-09-12,1.0,19.0,12,2.0,7,,1.0,38.0,80.0
2024-09-13,,23.0,12,,7,,2.0,47.0,91.0
2024-09-14,,19.0,14,,19,,,54.0,106.0
2024-09-15,1.0,18.0,17,,9,,1.0,28.0,74.0
2024-09-16,,10.0,14,,5,,2.0,39.0,70.0
2024-09-17,,28.0,10,,12,,1.0,35.0,86.0
2024-09-18,,37.0,5,1.0,14,,1.0,46.0,104.0
2024-09-19,1.0,25.0,4,1.0,17,,3.0,44.0,95.0
2024-09-20,1.0,15.0,7,,15,,,49.0,87.0
2024-09-21,1.0,19.0,15,,14,,2.0,65.0,116.0
2024-09-22,,20.0,12,1.0,13,,2.0,62.0,110.0
2024-09-23,,23.0,9,,34,,1.0,54.0,121.0
2024-09-24,,19.0,5,1.0,9,,1.0,57.0,92.0
2024-09-25,,19.0,6,,37,,2.0,67.0,131.0
2024-09-26,,18.0,5,,23,,1.0,49.0,96.0
2024-09-27,2.0,31.0,16,2.0,15,,,64.0,130.0
2024-09-28,,20.0,11,1.0,7,,1.0,71.0,111.0
2024-09-29,5.0,19.0,15,2.0,11,,,59.0,111.0
2024-09-30,,26.0,19,1.0,15,,,64.0,125.0
2024-10-01,3.0,22.0,12,1.0,8,,3.0,44.0,93.0
2024-10-02,1.0,19.0,9,,3,,2.0,73.0,107.0
2024-10-03,1.0,18.0,10,1.0,10,,3.0,57.0,100.0
2024-10-04,,23.0,8,,21,,2.0,65.0,119.0
2024-10-05,,22.0,7,,10,,,59.0,98.0
2024-10-06,,15.0,7,,10,,1.0,54.0,87.0
2024-10-07,1.0,17.0,11,,10,,1.0,51.0,91.0
2024-10-08,,16.0,7,,11,,1.0,35.0,70.0
2024-10-09,1.0,15.0,9,,8,,4.0,44.0,81.0
2024-10-10,,21.0,13,,12,,1.0,64.0,111.0
2024-10-11,,18.0,10,,8,,3.0,80.0,119.0
2024-10-12,,15.0,8,,8,,,46.0,77.0
2024-10-13,2.0,21.0,10,,4,,,43.0,80.0
2024-10-14,1.0,34.0,7,,13,,,33.0,88.0
2024-10-15,,24.0,13,,12,,,60.0,109.0
2024-10-16,,6.0,10,,15,,1.0,55.0,87.0
2024-10-17,,25.0,14,,9,,,48.0,96.0
2024-10-18,1.0,15.0,14,,7,,2.0,31.0,70.0
2024-10-19,,16.0,15,,13,,,37.0,81.0
2024-10-20,,16.0,14,,9,,,44.0,83.0
2024-10-21,,21.0,16,1.0,18,,1.0,60.0,117.0
2024-10-22,1.0,17.0,15,,11,,,52.0,96.0
2024-10-23,,26.0,5,1.0,8,,2.0,51.0,93.0
2024-10-24,,25.0,9,4.0,12,,3.0,51.0,104.0
2024-10-25,,25.0,6,,10,,2.0,55.0,98.0
2024-10-26,15.0,20.0,7,,5,,,55.0,102.0
2024-10-27,1.0,25.0,5,,4,,1.0,52.0,88.0
2024-10-28,2.0,19.0,5,2.0,17,,,45.0,90.0
2024-10-29,,15.0,5,,10,,2.0,45.0,77.0
2024-10-30,1.0,12.0,3,,10,,3.0,58.0,87.0
2024-10-31,1.0,14.0,11,,6,,1.0,51.0,84.0
2024-11-01,1.0,15.0,11,,10,,1.0,45.0,83.0
2024-11-02,1.0,18.0,26,,8,,,43.0,96.0
2024-11-03,,15.0,8,1.0,5,,,44.0,73.0
2024-11-04,,17.0,18,2.0,6,,1.0,24.0,68.0
2024-11-05,1.0,18.0,19,1.0,6,,1.0,41.0,87.0
2024-11-06,,15.0,21,1.0,6,,,37.0,80.0
2024-11-07,,13.0,13,,9,,1.0,36.0,72.0
2024-11-08,1.0,12.0,12,1.0,12,,1.0,41.0,80.0
2024-11-09,,11.0,11,1.0,20,,,48.0,91.0
2024-11-10,1.0,11.0,20,,10,,2.0,45.0,89.0
2024-11-11,,9.0,10,,11,,1.0,50.0,81.0
2024-11-12,,12.0,18,,12,,2.0,59.0,103.0
2024-11-13,,16.0,11,2.0,8,,2.0,48.0,87.0
2024-11-14,1.0,25.0,12,,19,,,31.0,88.0
2024-11-15,,17.0,18,2.0,14,,2.0,47.0,100.0
2024-11-16,,13.0,17,1.0,9,,3.0,34.0,77.0
2024-11-17,,17.0,17,,7,,,47.0,88.0
2024-11-18,1.0,16.0,15,,8,,,68.0,108.0
2024-11-19,1.0,18.0,15,2.0,10,,1.0,59.0,106.0
2024-11-20,,20.0,15,,12,,1.0,54.0,102.0
2024-11-21,,18.0,12,2.0,7,,2.0,29.0,70.0
2024-11-22,,18.0,10,2.0,9,,1.0,48.0,88.0
2024-11-23,,21.0,11,,9,,1.0,38.0,80.0
2024-11-24,,25.0,14,1.0,10,,1.0,44.0,95.0
2024-11-25,,20.0,17,2.0,9,,,42.0,90.0
2024-11-26,,20.0,11,2.0,7,,1.0,50.0,91.0
2024-11-27,,23.0,7,3.0,8,,,40.0,81.0
2024-11-28,,20.0,8,1.0,15,,2.0,42.0,88.0
2024-11-29,,23.0,13,1.0,13,,3.0,44.0,97.0
2024-11-30,,21.0,10,,8,,,34.0,73.0
2024-12-01,,20.0,21,2.0,12,,,47.0,102.0
2024-12-02,,19.0,17,,12,,3.0,39.0,90.0
2024-12-03,,11.0,13,,10,,,38.0,72.0
2024-12-04,2.0,20.0,12,,7,,1.0,42.0,84.0
2024-12-05,,15.0,14,,12,,3.0,44.0,88.0
2024-12-06,,13.0,16,1.0,21,,,32.0,83.0
2024-12-07,,12.0,24,,12,,2.0,43.0,93.0
2024-12-08,,11.0,13,,4,,2.0,37.0,67.0
2024-12-09,,16.0,21,,13,,1.0,32.0,83.0
2024-12-10,,18.0,12,,2,,1.0,28.0,61.0
2024-12-11,,19.0,17,,12,,1.0,25.0,74.0
2024-12-12,,16.0,13,,20,,1.0,50.0,100.0
2024-12-13,,17.0,12,,14,,3.0,33.0,79.0
2024-12-14,,13.0,11,1.0,12,,,49.0,86.0
2024-12-15,,14.0,20,,8,1.0,2.0,32.0,77.0
2024-12-16,,17.0,19,1.0,12,,2.0,41.0,92.0
2024-12-17,,21.0,13,,13,,1.0,43.0,91.0
2024-12-18,,20.0,8,,12,,2.0,41.0,83.0
2024-12-19,2.0,21.0,15,,18,,,54.0,110.0
2024-12-20,1.0,24.0,6,,8,,2.0,53.0,94.0
2024-12-21,,15.0,13,,15,,1.0,35.0,79.0
2024-12-22,,19.0,5,1.0,12,,1.0,29.0,67.0
2024-12-23,,20.0,19,,12,,,28.0,79.0
2024-12-24,,23.0,15,,6,,,47.0,91.0
2024-12-25,,11.0,14,,11,,2.0,51.0,89.0
2024-12-26,,17.0,7,,17,,2.0,58.0,101.0
2024-12-27,,4.0,13,,16,,2.0,41.0,76.0
2024-12-28,1.0,8.0,7,,16,,,43.0,75.0
2024-12-29,,8.0,17,,16,,2.0,36.0,79.0
2024-12-30,,6.0,13,,7,,1.0,38.0,65.0
2024-12-31,1.0,23.0,16,,9,,1.0,42.0,92.0
2025-01-01,,7.0,25,,10,,,49.0,91.0
2025-01-02,,6.0,32,3.0,11,,1.0,61.0,114.0
2025-01-03,,5.0,32,,13,,1.0,65.0,116.0
2025-01-04,,23.0,20,2.0,21,,,39.0,105.0
2025-01-05,,4.0,29,2.0,17,,,63.0,115.0
2025-01-06,1.0,9.0,25,1.0,15,,,42.0,93.0
2025-01-07,,20.0,37,1.0,11,,3.0,33.0,105.0
2025-01-08,,4.0,33,,13,,,55.0,105.0
2025-01-09,,9.0,33,1.0,18,,,63.0,124.0
2025-01-10,,9.0,10,1.0,38,,3.0,51.0,112.0
2025-01-11,,13.0,24,1.0,15,,1.0,48.0,102.0
2025-01-12,1.0,4.0,20,2.0,9,,2.0,55.0,93.0
2025-01-13,1.0,6.0,9,1.0,8,,,54.0,79.0
2025-01-14,,6.0,17,1.0,8,,1.0,64.0,97.0
2025-01-15,,17.0,11,,20,,1.0,56.0,105.0
2025-01-16,,10.0,10,,16,,1.0,30.0,67.0
2025-01-17,,5.0,15,1.0,12,,1.0,34.0,68.0
2025-01-18,1.0,7.0,12,1.0,10,,3.0,46.0,80.0
2025-01-19,1.0,6.0,10,,8,,,46.0,71.0
2025-01-20,,3.0,16,,16,,1.0,52.0,88.0
2025-01-21,,22.0,35,,14,,2.0,63.0,136.0
2025-01-22,,11.0,16,2.0,11,,3.0,66.0,109.0
2025-01-23,,7.0,5,1.0,16,,2.0,58.0,89.0
2025-01-24,,6.0,7,1.0,9,,1.0,51.0,75.0
2025-01-25,1.0,22.0,6,,18,,2.0,53.0,102.0
2025-01-26,1.0,10.0,4,1.0,12,,,50.0,78.0
2025-01-27,,6.0,5,,9,,2.0,52.0,74.0
2025-01-28,,7.0,11,1.0,17,,1.0,51.0,88.0
2025-01-29,,14.0,8,,5,,3.0,67.0,97.0
2025-01-30,1.0,6.0,11,3.0,17,,2.0,49.0,89.0
2025-01-31,1.0,9.0,12,2.0,9,,,35.0,68.0
2025-02-01,,5.0,14,,23,,,34.0,76.0
2025-02-02,,19.0,20,,8,,,73.0,120.0
2025-02-03,,7.0,17,,7,,4.0,74.0,109.0
2025-02-04,,6.0,19,,7,,4.0,58.0,94.0
2025-02-05,,5.0,17,,13,,2.0,51.0,88.0
2025-02-06,,5.0,18,1.0,13,,1.0,40.0,78.0
2025-02-07,,22.0,12,,9,,1.0,26.0,70.0
2025-02-08,,4.0,13,1.0,8,,2.0,69.0,97.0
2025-02-09,,2.0,16,4.0,4,,1.0,62.0,89.0
2025-02-10,,20.0,18,1.0,16,,4.0,60.0,119.0
2025-02-11,,4.0,17,,6,,2.0,72.0,101.0
2025-02-12,,9.0,8,3.0,15,,,64.0,99.0
2025-02-13,1.0,1.0,12,1.0,7,,,79.0,101.0
2025-02-14,1.0,5.0,12,,8,,1.0,70.0,97.0
2025-02-15,,21.0,22,,7,,1.0,50.0,101.0
2025-02-16,,,13,,12,,1.0,75.0,101.0
2025-02-17,,4.0,24,1.0,11,,1.0,55.0,96.0
2025-02-18,,5.0,8,,15,,1.0,58.0,87.0
2025-02-19,1.0,29.0,8,1.0,16,,1.0,59.0,115.0
2025-02-20,,13.0,12,,7,,1.0,54.0,87.0
2025-02-21,,5.0,12,,10,,1.0,56.0,84.0
2025-02-22,1.0,9.0,12,2.0,6,,1.0,56.0,87.0
2025-02-23,1.0,17.0,23,,15,,1.0,52.0,109.0
2025-02-24,,3.0,12,,11,,1.0,45.0,72.0
2025-02-25,1.0,7.0,20,,6,,1.0,53.0,88.0
2025-02-26,,9.0,18,2.0,10,,3.0,66.0,108.0
2025-02-27,1.0,33.0,17,,14,,1.0,68.0,134.0
2025-02-28,,4.0,17,,8,,1.0,62.0,92.0
2025-03-01,2.0,5.0,10,,5,,1.0,71.0,94.0
2025-03-02,,21.0,12,,5,,,55.0,93.0
2025-03-03,,2.0,15,1.0,11,,3.0,57.0,89.0
2025-03-04,,23.0,14,,12,,,49.0,98.0
2025-03-05,,25.0,21,,18,,2.0,53.0,119.0
2025-03-06,,28.0,15,2.0,15,,,48.0,108.0
2025-03-07,1.0,23.0,18,,15,,3.0,53.0,113.0
2025-03-08,1.0,24.0,21,2.0,18,,3.0,73.0,142.0
2025-03-09,1.0,15.0,25,1.0,11,,1.0,69.0,123.0
2025-03-10,,18.0,10,1.0,11,,,80.0,120.0
2025-03-11,,20.0,11,,7,,1.0,80.0,119.0
2025-03-12,,23.0,13,2.0,13,,2.0,42.0,95.0
2025-03-13,,19.0,4,4.0,14,,3.0,51.0,95.0
2025-03-14,1.0,18.0,10,,10,,1.0,55.0,95.0
2025-03-15,1.0,7.0,15,,24,,,53.0,100.0
2025-03-16,,11.0,14,1.0,28,,1.0,43.0,98.0
2025-03-17,,21.0,10,,21,,,50.0,102.0
2025-03-18,,21.0,12,2.0,19,,1.0,31.0,86.0
2025-03-19,,25.0,8,1.0,13,,2.0,43.0,92.0
2025-03-20,,18.0,5,1.0,13,,,47.0,84.0
2025-03-21,,13.0,14,1.0,8,,,60.0,96.0
2025-03-22,,20.0,12,1.0,12,1.0,,48.0,94.0
2025-03-23,,14.0,10,3.0,13,,,44.0,84.0
2025-03-24,,16.0,14,2.0,8,,1.0,30.0,71.0
2025-03-25,,20.0,3,3.0,15,,,31.0,72.0
2025-03-26,,20.0,8,,20,,,33.0,81.0
2025-03-27,1.0,26.0,10,2.0,9,,1.0,31.0,80.0
2025-03-28,,19.0,7,,31,,2.0,39.0,98.0
2025-03-29,,18.0,6,,8,,1.0,30.0,63.0
2025-03-30,,21.0,4,3.0,13,,1.0,32.0,74.0
2025-03-31,,20.0,4,,16,,,18.0,58.0
2025-04-01,,27.0,8,,14,,1.0,29.0,79.0
2025-04-02,,24.0,10,1.0,13,,2.0,41.0,91.0
2025-04-03,1.0,19.0,15,2.0,14,,2.0,34.0,87.0
2025-04-04,,24.0,11,2.0,13,,3.0,73.0,126.0
2025-04-05,1.0,22.0,7,3.0,7,,1.0,43.0,84.0
2025-04-06,1.0,13.0,11,1.0,13,,1.0,35.0,75.0
2025-04-07,,25.0,13,1.0,13,,2.0,32.0,86.0
2025-04-08,,8.0,23,,23,,,41.0,95.0
2025-04-09,,7.0,15,,27,,,56.0,105.0
2025-04-10,,5.0,16,2.0,19,,1.0,44.0,87.0
2025-04-11,,21.0,13,,23,,1.0,45.0,103.0
2025-04-12,1.0,9.0,7,2.0,19,,,47.0,85.0
2025-04-13,,20.0,12,1.0,13,,1.0,56.0,103.0
2025-04-14,,16.0,11,,16,,2.0,45.0,90.0
2025-04-15,,14.0,21,,20,,,60.0,115.0
2025-04-16,,12.0,17,,27,,,53.0,109.0
2025-04-17,,16.0,19,1.0,16,,,41.0,93.0
2025-04-18,1.0,19.0,10,1.0,14,,2.0,55.0,102.0
2025-04-19,,16.0,12,,28,,,39.0,95.0
2025-04-20,,11.0,10,,16,,,22.0,59.0
2025-04-21,,14.0,22,1.0,19,,1.0,37.0,94.0
2025-04-22,,14.0,11,,14,,1.0,61.0,101.0
2025-04-23,,17.0,10,2.0,17,,,54.0,100.0
2025-04-24,,17.0,12,2.0,19,,1.0,53.0,104.0
2025-04-25,,13.0,15,3.0,28,,,52.0,111.0
2025-04-26,,12.0,14,,36,,,27.0,89.0
2025-04-27,,10.0,11,3.0,13,,,30.0,67.0
2025-04-28,,11.0,18,2.0,14,,1.0,49.0,95.0
2025-04-29,,19.0,9,,25,,,52.0,105.0
2025-04-30,,16.0,9,2.0,22,,1.0,49.0,99.0
2025-05-01,,20.0,9,1.0,20,,,36.0,86.0
2025-05-02,,19.0,13,2.0,12,,1.0,32.0,79.0
2025-05-03,,18.0,13,,29,,1.0,55.0,116.0
2025-05-04,1.0,17.0,15,3.0,27,,1.0,45.0,109.0
2025-05-05,,16.0,12,1.0,14,,1.0,50.0,94.0
2025-05-06,,16.0,18,1.0,24,,2.0,40.0,101.0
2025-05-07,,21.0,13,1.0,6,1.0,,37.0,79.0
2025-05-08,,18.0,9,1.0,10,,,54.0,92.0
2025-05-09,,15.0,16,1.0,11,,,36.0,79.0
2025-05-10,1.0,6.0,10,1.0,12,,1.0,38.0,69.0
2025-05-11,1.0,,7,1.0,10,,2.0,47.0,68.0
2025-05-12,1.0,6.0,16,12.0,13,1.0,3.0,36.0,88.0
2025-05-13,1.0,1.0,18,6.0,8,,,42.0,76.0
2025-05-14,,2.0,13,12.0,7,,,37.0,71.0
2025-05-15,,8.0,22,1.0,12,,1.0,52.0,96.0
2025-05-16,,15.0,20,2.0,8,,1.0,44.0,90.0
2025-05-17,1.0,1.0,13,1.0,10,,1.0,32.0,59.0
2025-05-18,,9.0,18,,11,,1.0,43.0,82.0
2025-05-19,,5.0,16,2.0,12,,,42.0,77.0
2025-05-20,,5.0,6,,15,,1.0,47.0,74.0
2025-05-21,,4.0,21,1.0,11,,2.0,41.0,80.0
2025-05-22,,9.0,17,,18,,1.0,68.0,113.0
2025-05-23,,7.0,15,,10,,,57.0,89.0
2025-05-24,,16.0,12,1.0,13,,,50.0,92.0
2025-05-25,,6.0,15,,13,,,40.0,74.0
2025-05-26,,1.0,26,,17,,,41.0,85.0
2025-05-27,1.0,5.0,20,,11,,2.0,26.0,65.0
2025-05-28,,6.0,10,1.0,5,,1.0,44.0,67.0
2025-05-29,,2.0,6,2.0,17,,1.0,32.0,60.0
2025-05-30,,5.0,4,,17,,1.0,45.0,72.0
2025-05-31,,3.0,20,,16,,,43.0,82.0
2025-06-01,,19.0,15,,8,,,54.0,96.0
2025-06-02,,1.0,13,,7,,1.0,57.0,79.0
2025-06-03,,3.0,12,1.0,14,,2.0,57.0,89.0
2025-06-04,,5.0,14,,9,,,36.0,64.0
2025-06-05,,4.0,13,4.0,9,,,58.0,88.0
2025-06-06,,5.0,8,2.0,4,,,64.0,83.0
2025-06-07,,3.0,7,1.0,4,,,63.0,78.0
2025-06-08,,12.0,16,,7,,1.0,49.0,85.0
2025-06-09,,5.0,18,7.0,7,,1.0,46.0,84.0
2025-06-10,,9.0,20,,5,,2.0,37.0,73.0
2025-06-11,,7.0,16,,7,,,46.0,76.0
2025-06-12,,7.0,15,,5,,1.0,44.0,72.0
2025-06-13,64.0,7.0,6,,9,,,37.0,123.0
2025-06-14,39.0,16.0,3,,4,,,40.0,102.0
2025-06-15,37.0,12.0,5,,6,,,29.0,89.0
2025-06-16,54.0,22.0,16,,1,,3.0,33.0,129.0
2025-06-17,50.0,2.0,9,,5,,2.0,43.0,111.0
2025-06-18,43.0,7.0,20,1.0,3,,,34.0,108.0
2025-06-19,18.0,12.0,16,,7,,3.0,49.0,105.0
2025-06-20,26.0,9.0,12,1.0,3,,,31.0,82.0
2025-06-21,34.0,10.0,17,,9,,,38.0,108.0
2025-06-22,22.0,5.0,10,1.0,10,,,41.0,89.0
2025-06-23,27.0,17.0,18,,6,,3.0,45.0,116.0
2025-06-24,29.0,17.0,15,,5,,,44.0,110.0
